Timestamp (s),X-Position (%),Y-Position (%)
37281,32,29
39340,33,30
41115,33,31
41590,33,31
41590,34,32
41590,35,33
42214,35,33
42485,35,33
42605,35,33
42902,36,34
42963,37,44
42963,39,47
44109,31,35
44350,29,36
44880,34,34
45080,36,34
45380,34,40
45579,33,39
45949,34,34
46151,34,36
46477,35,38
47195,35,34
47692,37,36
49227,34,32
49491,37,39
52459,35,34
52924,36,36
53993,35,34
54762,35,35
55062,35,36
55462,38,40
56727,35,34
56891,35,37
57457,39,38
58091,36,35
58261,36,35
59191,34,32
60026,35,35
61391,36,35
62655,41,49
63320,37,34
63560,37,35
64524,34,30
64959,36,34
65060,36,35
65671,44,48
66100,35,33
67599,44,50
68229,33,27
69129,31,26
69928,31,27
70128,31,27
70679,42,48
70948,42,48
71418,31,27
71584,31,28
71848,35,33
72013,35,27
72013,39,28
72013,49,28
72239,35,34
72239,36,35
72458,36,36
72553,36,37
72658,38,39
73357,33,28
73622,34,33
74257,32,28
74557,36,34
74657,36,35
79821,35,34
79988,36,35
80422,36,36
80554,33,32
81495,36,37
81561,34,32
82128,34,33
82161,34,33
82294,33,31
82462,40,46
82927,34,33
84094,36,35
84160,34,33
84193,34,33
84429,34,32
84562,34,32
85260,35,33
85328,35,36
85460,34,31
85960,35,33
86328,37,37
86661,36,35
86828,34,32
87026,34,32
87127,35,32
87193,35,32
87326,35,33
88359,34,32
88427,35,33
88527,35,36
88894,38,34
88925,36,34
88959,35,33
90271,34,32
90502,35,33
90802,36,36
91170,35,34
91270,37,33
91270,35,33
91304,35,32
91337,34,31
91369,34,31
92202,34,32
92270,34,35
92768,35,34
92835,35,33
92937,35,33
93703,35,34
93769,35,33
94101,34,32
94168,34,33
94269,35,34
95502,34,31
95567,34,32
95601,35,33
95635,35,33
95669,35,34
95867,44,49
96235,58,50
96400,34,32
96434,34,34
96467,35,35
97684,32,32
97720,33,34
97784,34,34
97921,30,31
98084,33,32
98587,33,32
98650,34,34
98753,35,32
98784,35,32
99583,36,34
99654,39,35
100319,32,32
100417,33,31
101510,36,35
101876,37,35
102276,31,28
102479,33,32
102609,34,32
102776,34,33
103012,34,33
103276,34,31
103579,35,31
103742,35,32
103913,36,34
104076,35,32
104709,33,32
104909,34,34
105212,35,33
106541,34,31
106675,34,32
106941,37,36
107244,37,36
107644,33,32
107808,35,33
107911,35,34
108111,36,33
108311,36,34
108507,37,34
108674,36,33
108807,36,32
108940,35,31
109044,32,31
109840,33,31
110573,35,32
110777,35,31
110910,36,32
111043,34,33
111173,34,35
111310,34,34
112039,31,31
112176,32,32
112306,32,33
112439,34,33
112606,34,32
112743,33,31
112943,34,35
113176,36,35
113506,34,32
113676,36,35
113842,35,33
114009,37,33
114205,35,31
114372,36,31
114505,37,32
114675,36,31
114875,38,33
115038,37,35
115138,37,35
115242,37,35
115438,36,33
115638,35,31
116108,33,30
116505,36,32
116960,34,34
117260,36,36
117460,36,35
117860,35,34
118023,35,34
118160,34,32
118356,33,31
118523,34,32
118756,37,37
118823,37,37
119026,33,33
119189,33,31
119726,34,32
119893,33,30
120959,32,29
121159,36,35
121259,36,35
121389,36,36
121655,34,32
121725,34,32
121925,34,31
122055,34,33
122192,35,34
122425,37,35
123255,34,33
123355,34,33
123555,34,32
123688,35,33
123854,34,33
123988,33,31
129101,33,31
130630,38,41
130664,38,41
132163,38,41
133366,40,42
133663,40,43
135232,33,31
135396,34,32
135865,34,33
136132,36,35
138898,33,31
138931,33,31
139194,33,32
139331,34,32
140464,34,32
140627,34,33
141297,36,31
141464,37,32
141593,37,32
141930,38,33
142430,38,33
142597,37,32
142733,39,34
143999,34,32
145133,33,31
145329,33,31
145462,33,32
145596,34,34
145732,35,35
145929,35,33
146165,35,32
146928,35,32
147162,34,31
147632,34,31
147961,36,33
148428,37,31
151893,34,33
152760,32,29
154096,34,32
154429,34,33
155162,34,32
157128,34,33
157795,34,33
158228,34,33
158958,33,31
159131,34,32
159428,35,34
159694,34,32
160064,34,35
160427,34,31
160664,35,34
160827,35,33
160994,34,32
161364,36,34
161560,35,33
161894,34,33
162064,33,31
162663,35,32
162830,34,33
163726,33,31
164696,33,32
165129,33,31
165459,34,33
165596,34,34
165629,34,34
166495,33,31
167058,34,33
167262,35,32
167395,35,32
167861,33,31
168258,33,32
168428,38,43
168658,34,34
168794,34,34
168928,33,33
169061,33,31
169228,34,35
169428,34,34
169591,34,32
169794,33,30
170158,35,31
170357,35,33
170494,36,32
170694,36,33
171024,34,33
171190,35,35
171327,37,36
171660,34,32
171857,34,31
172156,32,30
172693,34,32
172823,34,32
173126,33,31
173290,34,32
173423,34,34
173656,34,34
174060,33,30
174293,33,32
174689,35,33
174989,35,32
175189,34,31
175322,33,32
175789,33,31
175955,35,35
176155,35,34
176526,34,33
176662,36,32
176828,32,32
176962,33,32
178091,33,30
178328,35,33
178658,34,31
178858,34,32
179094,36,35
179324,36,34
179661,34,31
179994,33,31
180227,34,32
180627,35,32
181060,35,34
181190,34,34
181258,34,34
181693,35,34
182926,34,32
183160,33,31
183425,36,32
183592,34,31
183725,36,34
183858,36,35
184057,33,32
185443,33,31
185838,34,33
186043,35,33
186572,36,33
187101,35,34
188086,34,31
188313,34,32
190420,32,33
191012,33,30
191513,34,31
191749,34,32
192013,33,33
192114,33,33
192314,33,33
192511,34,35
192978,35,33
193413,33,31
193677,32,30
194778,35,33
195112,35,32
195348,33,32
195477,33,32
195712,34,32
195877,34,34
196147,34,32
196346,35,33
196616,35,33
196876,33,31
197077,34,32
197475,36,34
197712,36,34
197845,36,34
198675,33,31
198912,34,33
199209,33,31
200175,32,31
200509,33,32
200774,33,32
201010,33,33
201445,34,31
201679,34,32
201914,33,31
202145,33,32
202344,33,33
202511,33,34
202873,35,34
203005,35,34
203319,33,32
203519,34,33
203749,34,32
203883,34,32
204218,35,34
204523,34,32
205017,32,31
205218,33,31
205656,32,32
205751,33,33
205916,33,34
207256,33,31
207616,35,33
207716,35,34
207891,34,31
207951,34,31
208156,35,32
209325,33,31
209620,34,32
209755,34,32
209850,34,32
210291,34,33
211554,33,31
212090,34,32
212284,34,32
213789,35,34
215257,34,33
217082,33,32
217951,33,31
220083,34,33
220253,34,32
220583,35,33
221247,35,33
222552,35,34
222652,35,35
222782,35,37
222986,36,36
252915,38,39
254577,34,33
256984,35,35
257114,35,35
277679,35,34
277745,33,35
283175,33,32
283405,33,32
284310,35,35
284480,39,40
284644,39,42
284775,40,44
284945,41,44
285937,33,32
292913,41,44
293813,37,38
293877,37,38
294078,41,46
294277,42,47
294508,36,31
304440,34,32
308272,35,34
312270,37,38
312703,37,37
314172,33,31
314667,35,33
315301,34,32
315371,34,32
315640,33,32
315900,37,38
316035,35,36
316275,34,34
316335,34,33
316435,33,32
316675,35,33
317110,36,38
317310,37,38
317410,39,40
318010,34,32
318275,43,49
318574,35,32
318774,35,32
318939,35,31
319409,34,32
319634,34,32
319769,38,45
319969,35,31
320309,35,32
320504,35,33
320804,34,31
320904,34,32
320933,35,33
321133,35,32
321468,35,32
322003,35,32
322438,34,31
322903,34,31
323138,34,33
323308,36,34
323538,33,31
324268,35,32
324503,38,37
324608,38,40
324767,43,45
325072,42,44
325272,28,33
325407,31,32
325607,33,32
325872,34,33
326907,34,33
327007,34,34
327442,34,34
327571,34,33
328141,34,33
328306,36,33
328506,36,34
328701,35,34
329506,34,33
329870,36,34
331769,33,31
332034,33,31
332204,35,33
332265,35,33
332504,36,33
334470,35,33
335231,34,33
336169,37,38
336566,35,33
337400,37,39
339738,34,31
340402,37,37
340571,34,33
341067,37,37
341668,35,32
342037,35,33
344970,35,34
345363,35,34
345605,35,35
347042,33,31
347783,36,36
348110,37,37
349299,34,32
350937,36,36
354299,36,40
354434,38,40
355203,35,34
355368,36,39
356270,36,34
356895,36,36
358064,33,31
358964,33,31
360432,35,34
370930,34,32
373124,34,32
373364,29,25
373429,29,26
373829,31,25
374099,31,25
374229,32,26
374629,33,26
374859,34,33
375399,31,24
375928,31,25
376163,30,25
376363,30,26
376458,29,25
376664,29,26
377093,37,36
377298,30,26
377398,30,26
377598,30,26
377793,31,26
378128,31,25
378362,33,26
378523,34,26
378757,33,27
379427,30,25
379762,31,27
380122,31,25
380222,31,25
380661,35,34
380761,36,35
380962,40,37
381127,25,24
381196,30,27
381292,32,25
381496,34,25
381556,33,26
381726,35,25
381856,34,26
382296,34,26
382396,32,26
382496,31,25
383460,30,26
383660,30,26
383824,29,26
383997,29,26
384427,30,26
384796,30,25
384993,30,26
385228,29,25
385765,29,26
386526,31,26
386860,29,26
387226,32,26
387365,32,25
387630,33,32
388030,37,37
389365,35,32
389465,36,33
389565,38,33
389765,31,28
389830,33,30
390065,33,31
391394,34,33
391524,34,32
391659,34,30
391764,35,31
391864,36,32
392064,36,33
392460,37,35
392594,38,38
392794,38,37
393299,37,38
393464,35,32
393529,34,31
393598,34,31
394098,35,30
394193,34,31
394228,34,33
394299,34,33
394493,36,33
394794,33,32
394960,33,31
395129,33,30
395294,34,33
395389,34,34
395525,34,32
395625,33,30
396094,34,31
396164,34,32
396229,34,33
396388,34,32
396459,35,32
396624,35,31
396729,36,32
396830,35,34
396863,35,34
397128,35,32
397228,36,33
397328,36,31
397389,35,31
397828,36,33
397928,36,33
398063,36,32
398188,37,33
398228,36,33
398363,35,31
398958,34,31
399193,34,31
399263,34,32
399327,34,32
399363,34,33
399627,36,34
399727,36,33
399793,35,32
399857,34,32
400027,34,31
400192,34,30
400262,34,30
401457,33,31
401522,33,32
401622,33,33
402122,33,32
402122,33,31
402387,34,34
402482,34,33
402621,33,32
402752,33,31
402857,32,29
402922,32,29
403351,37,31
403416,36,32
403486,38,33
403516,39,34
403756,39,33
403856,39,32
403916,39,31
403981,38,30
404186,32,29
404216,30,29
405116,39,31
405221,39,31
405386,42,33
405580,41,32
405656,45,33
405851,39,39
405916,39,40
405986,39,41
406120,41,38
406220,41,39
406421,41,39
407115,37,37
407280,37,37
407385,36,41
409114,36,37
409254,36,40
409779,38,38
411154,35,34
411854,35,38
412083,36,34
412353,33,33
412613,33,33
412818,33,32
412953,33,31
413353,38,45
413553,20,44
413978,32,32
414113,32,33
414153,32,34
414177,32,33
414483,34,32
414717,34,31
414882,33,29
415112,33,34
415183,33,35
415217,33,37
415277,33,39
415447,35,33
415617,36,34
415817,35,32
415912,34,31
416217,34,28
416512,36,31
416682,36,34
416852,34,32
417317,36,27
417452,36,28
417717,36,34
417777,35,32
417846,35,32
418081,35,43
418216,32,46
418451,45,37
418616,35,35
418676,37,35
418851,36,33
418951,37,32
419016,34,31
419076,34,30
419316,38,32
419416,38,32
419611,38,31
420151,37,37
420215,37,39
420611,41,45
420850,34,33
420911,33,32
420981,33,31
421180,35,32
421315,36,33
421615,37,31
421680,35,32
421750,36,33
421775,36,33
421915,38,32
423250,33,32
423410,38,38
423445,38,38
423509,38,38
423749,35,32
423814,35,33
423849,34,33
423880,33,34
424309,36,33
424644,34,31
424774,34,31
424809,34,32
424879,34,32
425044,35,32
425174,36,33
425244,36,34
425314,36,35
425614,35,31
425679,36,31
425714,36,33
425779,36,34
425844,36,35
426014,36,32
427348,33,31
427443,33,32
427513,33,33
427578,34,34
427614,34,35
427648,34,36
428113,35,39
428678,35,33
428778,35,34
428778,35,35
428778,35,36
429248,34,42
429608,32,33
429643,33,33
429713,35,34
429947,35,31
430012,34,32
430048,34,33
430077,35,33
430242,36,37
430577,36,36
430712,34,34
430943,35,34
431072,35,34
431207,35,32
431277,34,32
431342,34,31
431377,34,31
432411,32,28
432677,33,31
432711,34,32
432777,35,32
432846,35,33
432876,34,34
433206,35,31
433276,36,32
433611,36,32
434111,34,34
434211,36,38
434241,36,38
434506,35,34
434771,36,33
434876,33,32
434941,32,31
434975,32,31
435141,33,31
435211,33,32
435270,35,33
435905,38,39
436010,35,35
436111,33,33
436145,33,32
436275,33,31
436775,36,34
436845,36,35
436945,35,32
437010,34,31
437040,34,31
437205,36,33
437275,36,34
437310,37,36
437970,36,36
438045,34,34
438075,34,34
438140,33,32
438210,33,31
438269,34,31
438545,35,31
438609,34,33
438674,35,33
438710,35,35
438774,36,38
438869,35,39
439004,41,37
439209,40,38
439444,36,34
439509,35,33
439539,35,32
439604,35,31
439644,35,31
439909,36,32
439974,37,33
440209,37,35
440474,37,33
440644,36,32
441544,34,31
441608,34,32
442108,36,34
442173,39,37
442408,25,44
442708,37,34
442773,37,34
442938,37,33
443073,37,33
443208,36,32
443308,36,31
443368,36,30
443643,38,42
443773,39,43
445167,35,35
445402,35,35
446102,35,34
447571,36,37
449241,37,35
449571,36,35
449806,39,36
450040,38,35
450266,41,35
451240,36,33
451640,34,32
451705,34,31
451765,34,30
452540,36,34
454864,38,41
455264,40,42
456504,36,36
456663,39,43
456898,39,45
459797,38,40
461167,35,34
462361,33,29
464700,39,42
469418,38,40
469712,38,41
471585,39,43
471689,39,40
471750,39,39
472054,39,39
472154,38,40
472219,37,42
473852,40,41
474012,39,40
474352,40,42
476316,32,30
476381,33,31
476551,34,32
476716,34,34
477350,36,33
478981,35,33
479218,35,32
479513,34,31
479917,33,30
480782,40,46
480917,42,44
482078,31,32
482178,32,32
482478,34,32
482542,36,31
482882,38,38
483374,40,41
483614,35,32
483638,35,31
483713,35,31
483809,34,32
483839,34,34
483914,34,34
484143,37,38
484443,34,32
484478,34,33
484544,35,34
485408,44,44
485914,39,39
486049,40,38
486179,32,31
486250,33,30
486310,33,30
486409,33,34
487174,35,33
487174,35,34
487353,34,31
487522,36,36
487617,35,34
487864,35,32
487928,34,33
488098,36,34
487912,35,37
488812,38,38
488982,33,32
489081,34,31
489212,35,31
489316,35,32
489352,35,33
489416,34,34
489651,36,31
489676,36,32
489716,35,34
489781,34,34
489881,34,35
490842,37,32
490912,35,32
490947,35,34
491047,34,35
491247,38,39
491282,39,40
491777,40,41
492276,39,42
492911,39,41
492281,34,31
492941,34,33
493081,34,31
493176,34,32
493547,34,34
494110,36,36
494245,38,39
494380,38,38
494749,34,32
494977,35,32
495315,35,34
495444,37,33
495609,35,32
495875,36,30
496375,35,34
496475,35,33
496644,35,32
496814,33,31
497079,34,34
497174,37,33
497583,36,32
497843,36,32
498542,35,33
498612,37,34
498707,36,35
498783,36,36
498907,38,38
499007,39,37
499242,38,33
499342,37,31
499408,36,31
499507,35,32
500210,35,32
500716,36,37
500750,36,35
500850,36,33
500950,34,32
501010,31,31
501210,37,30
501578,35,31
501640,35,32
501716,35,33
501840,37,33
502075,37,35
502216,38,34
502482,36,32
502843,33,31
503046,34,31
503176,36,32
503241,36,33
503316,36,34
503675,36,33
503810,36,34
503914,35,32
503974,34,31
504174,35,31
504781,35,31
504906,37,31
504945,35,32
505044,35,33
505109,33,35
505339,31,34
505882,34,32
506442,34,32
506745,33,31
506715,35,34
506880,35,34
507045,35,31
507575,34,33
507645,34,33
507715,35,33
507973,35,34
508448,35,33
508642,35,32
508842,34,31
509106,35,32
509476,36,35
509541,35,34
509676,36,32
509741,35,32
509845,36,31
509876,38,32
510174,37,39
510174,39,40
511075,34,32
511180,35,33
511341,36,34
511744,37,34
511813,37,34
511978,32,31
512012,32,31
512545,35,33
512814,33,31
512915,33,31
513279,35,32
513345,35,32
513374,35,33
513510,36,34
513775,40,34
513944,38,33
514039,34,32
514144,34,31
514239,35,30
515007,35,33
515214,35,32
515374,34,31
515679,36,30
515814,36,32
515939,36,33
516108,36,34
516243,37,35
517540,36,34
517839,36,32
518038,35,32
518106,34,30
518807,36,33
518937,36,34
519143,36,33
519342,37,37
519472,37,36
519542,38,38
519871,36,32
520509,35,34
520779,37,34
520978,36,32
521079,37,33
521213,36,31
521314,35,30
521513,36,33
522143,36,33
523471,36,35
523540,35,33
523647,35,33
523873,32,31
524544,34,31
524644,35,33
524838,34,32
524938,34,32
525875,34,31
525972,34,32
526112,34,34
526172,34,34
527543,35,33
527643,34,32
527709,32,32
527778,32,32
529007,31,29
529237,32,31
530308,32,31
530372,33,32
530442,34,34
530742,34,31
530873,34,31
532371,33,31
532511,34,35
532571,34,33
532636,34,33
532811,34,31
533071,35,33
533206,36,33
533271,37,34
533904,34,30
533973,34,31
534277,35,31
534436,35,32
534471,35,33
534536,35,33
534576,35,34
534811,35,35
535377,34,32
535408,34,32
535478,35,33
535507,35,34
535709,36,32
535808,36,31
536608,34,32
536843,34,33
536907,35,34
537809,33,31
537943,34,32
538038,34,32
538338,35,33
538503,35,33
538642,35,34
538907,35,34
539008,35,32
540041,33,31
540270,33,31
540610,35,32
540308,39,41
541507,38,39
541472,36,34
541672,35,31
542235,37,43
542570,36,32
542740,35,31
543743,35,33
543868,33,32
544007,32,31
544441,33,31
544540,34,32
544570,34,32
544905,34,31
544939,35,33
545244,35,33
545308,38,34
546104,36,32
546477,35,31
546537,35,32
546571,36,32
546607,37,33
546940,36,33
547271,37,38
547405,38,37
547505,38,36
547670,38,35
547775,36,33
547900,35,32
548738,34,32
548868,34,31
549333,37,35
549438,37,34
549673,35,31
550634,44,48
551039,36,33
551334,34,31
551509,36,32
552068,41,46
552138,42,47
552568,41,46
553000,42,47
552267,35,33
552333,35,34
552468,36,33
552906,36,35
552938,33,31
553167,34,30
553402,36,32
553502,36,35
555967,35,34
556171,37,38
557208,35,35
559906,40,40
560003,41,42
561701,35,34
562237,36,34
563205,40,46
563401,43,42
563465,42,41
563640,38,36
563701,37,35
564786,36,33
565637,36,34
566707,35,32
566808,35,33
566909,35,33
567204,34,33
567671,37,34
567831,37,34
568866,34,33
569001,34,33
569030,34,33
569071,34,34
569670,36,33
569773,36,33
569904,36,34
570430,34,32
570505,32,32
570565,28,32
571699,35,32
571935,36,34
571939,37,34
572437,31,32
573238,36,34
573802,36,35
574102,40,38
574704,36,34
575542,34,33
575600,35,34
576272,34,31
576431,37,33
576664,33,33
578008,33,32
578332,33,32
580169,36,33
580269,35,33
581201,34,31
581732,37,38
581802,37,38
582062,34,33
582168,33,32
582397,35,33
583482,36,33
583967,36,32
584075,40,43
584109,39,44
584876,34,33
585835,35,34
586065,36,33
586917,36,34
587167,37,32
587337,36,32
588235,38,33
588336,40,34
588400,40,34
589604,36,36
589604,43,38
589604,43,38
589604,51,38
589604,54,37
589604,57,37
589604,61,38
589604,65,38
589604,67,38
589604,36,33
589604,37,32
589604,36,31
589604,38,30
589604,38,31
589604,40,32
589604,41,33
589604,43,34
589604,44,33
589604,42,32
589604,43,31
589604,45,31
589604,46,32
589604,49,33
589604,51,34
590463,45,33
590663,47,34
590763,48,33
592563,38,36
592663,38,38
593263,37,37
593463,39,39
593863,36,32
594063,34,31
594263,34,31
594363,35,32
594463,36,33
594763,35,31
594863,37,32
594963,37,33
595063,37,33
596363,37,38
596563,37,38
598463,35,33
598563,35,33
600401,38,39
600466,38,41
600531,39,43
600965,35,33
601026,34,32
601231,35,32
601326,34,38
601101,37,40
602632,34,32
603100,35,33
603166,35,34
603433,36,36
603502,36,37
603532,36,37
603667,35,42
603767,41,40
604763,39,39
604896,39,38
605000,41,36
605101,40,35
605501,39,44
606127,39,39
606303,40,39
606468,36,36
606627,36,35
606768,37,35
607334,39,40
608232,33,33
609012,34,33
609234,38,35
609334,35,36
609762,38,34
611266,39,41
611330,40,43
611697,34,36
613764,37,37
613965,33,38
614232,35,33
615880,36,35
618833,35,33
619166,35,34
619363,39,34
619724,39,37
621465,38,37
622265,40,43
622570,39,39
622629,39,37
623861,41,47
624462,41,44
624596,41,42
625122,44,48
625228,43,43
621826,35,34
621992,38,34
622092,38,34
624498,35,34
626063,35,33
626258,45,46
626463,37,36
626528,38,36
626698,40,37
626893,37,32
626957,36,31
627527,44,49
627622,42,46
627727,39,42
627797,37,40
628027,34,35
628222,34,33
628262,34,32
629662,33,31
629727,34,31
629797,35,32
629862,35,34
629892,36,35
630096,37,38
630796,35,34
630891,36,36
631396,37,37
631596,36,35
631761,37,35
631826,38,36
632196,36,33
632332,35,31
632426,34,30
632595,38,39
632661,38,40
632831,40,39
632560,42,48
633560,41,48
633823,34,33
633923,34,33
634122,34,31
633829,37,38
634328,36,36
634489,37,38
634402,34,32
634460,33,30
634529,33,30
635162,36,37
635296,37,38
635528,38,39
635462,34,32
635561,34,31
636058,36,35
636366,34,31
636489,34,33
636495,34,33
637128,38,37
637354,37,38
637695,33,31
638635,34,32
638758,35,32
638794,38,32
638823,38,32
638993,37,36
639063,37,37
640828,38,41
641092,40,44
642100,38,39
643141,39,40
643466,39,40
643429,38,43
643787,37,35
643887,34,31
644063,35,32
644461,39,40
644591,39,42
644727,39,43
645186,40,41
646189,34,34
646253,36,35
646962,39,34
647088,42,42
647561,39,40
647656,40,44
647862,42,39
648354,40,34
648558,44,41
648694,43,43
649193,43,40
649858,33,30
650328,39,43
650457,41,44
650787,37,37
650852,39,39
650992,39,45
651128,40,40
651223,38,36
651457,34,27
651522,31,27
651861,42,47
651958,42,47
652127,42,47
652660,42,47
652727,42,47
652760,42,47
652794,42,47
652894,42,47
652894,42,47
652927,42,47
653024,42,47
653061,42,47
653094,42,47
653391,42,47
653524,42,47
653660,42,47
653694,42,47
653827,42,47
653960,42,47
654227,42,47
654260,42,47
654423,42,47
654460,42,47
654593,42,47
654627,42,47
654627,42,47
654790,42,47
654857,42,47
654893,42,47
655026,42,47
655126,42,47
655160,42,47
655193,42,47
655556,42,47
655690,42,47
655893,42,47
656193,42,47
656259,42,47
656423,42,47
656626,42,47
657122,40,48
657356,40,48
657592,41,48
658056,41,48
658159,41,48
658222,41,48
648696,35,34
657022,35,35
657286,37,37
658221,34,34
658486,35,35
658886,34,36
659251,32,33
659651,36,40
659856,37,41
660126,34,37
660055,36,42
660355,36,43
660819,39,43
658918,35,33
660218,32,32
660552,31,30
660700,31,32
661236,34,33
661400,33,31
661537,32,31
661570,32,31
661700,31,30
662069,26,27
662199,26,27
662336,29,28
662602,33,33
662836,35,38
662902,35,38
663035,38,41
663035,33,32
663035,32,30
663035,35,34
663270,38,40
663436,37,36
663569,34,33
663670,34,33
663999,33,32
664369,33,31
664599,41,43
664803,39,40
665003,37,36
665136,34,34
664686,36,33
664686,34,33
665238,34,32
665405,34,31
665571,35,31
665672,35,32
665672,36,33
665672,37,33
665672,37,34
666033,38,41
666033,41,41
666033,42,41
666252,35,35
666252,34,34
666252,34,33
666252,34,30
666482,34,31
666545,34,31
666545,34,31
666545,36,32
666545,38,32
666545,38,33
667056,36,34
667189,38,34
667389,37,32
667523,36,31
667656,35,31
667822,37,36
667923,37,36
668055,37,35
668222,36,31
668389,35,31
668486,37,32
668622,37,33
668752,37,33
668822,37,33
668952,37,34
669085,37,34
669252,37,33
669389,35,32
669522,34,31
669655,36,31
669685,36,31
669755,36,31
669885,36,31
670055,36,34
670122,36,34
670288,36,34
670698,37,39
670698,36,37
670698,38,42
671151,35,33
671151,34,32
671151,36,36
671347,36,34
671477,36,34
671547,33,32
671547,33,30
671852,34,31
671852,34,32
671852,40,43
671852,36,34
672084,38,42
672287,38,39
672420,35,36
672454,34,32
672454,34,30
672454,34,30
672454,33,30
672454,34,29
672615,38,39
672615,39,39
672615,38,36
672772,39,42
672772,41,45
672772,36,37
673229,35,34
673229,36,34
673532,34,31
673732,34,30
673901,34,31
674002,35,33
674132,35,34
674265,35,35
674399,36,39
674502,37,40
673153,35,34
674724,36,35
675057,34,31
675091,35,31
675121,36,32
675358,38,34
675387,38,35
675487,38,38
675591,37,38
674754,41,48
674954,41,47
675354,42,48
675554,32,30
675654,32,30
675854,33,31
675954,33,32
676054,33,32
676254,33,33
676354,34,34
676554,32,31
676554,32,32
676554,32,32
676854,38,40
677154,33,31
677254,33,30
677354,34,31
677354,34,32
677254,38,40
677254,38,41
677154,42,46
677154,42,47
677454,35,35
677454,37,37
677454,36,36
677654,35,34
677854,34,33
678054,34,33
678654,35,33
678754,35,33
678854,35,32
678854,34,31
678854,35,31
679254,37,39
679454,38,40
679454,38,40
679554,36,37
680154,33,31
680254,34,31
680354,34,31
680554,34,31
680654,34,31
680654,34,32
680654,34,33
680754,34,34
680754,34,34
680754,34,35
681254,34,32
681254,34,33
681054,36,37
681254,36,36
681254,37,38
681354,37,39
681554,39,41
681654,39,42
681754,40,44
681654,35,35
681854,35,34
681954,34,33
682154,33,31
682354,33,31
682854,34,31
683154,34,30
683254,34,31
683054,34,33
682154,36,35
682354,36,36
682554,37,37
682954,38,38
683054,38,40
683254,39,41
683154,41,48
683554,41,48
683854,41,44
684054,40,43
684354,37,37
684154,37,36
684054,37,36
684054,35,33
683954,34,32
683854,35,31
683954,35,31
684754,35,32
684854,34,32
684954,36,35
685254,38,34
685254,36,33
684954,36,34
685154,35,32
685354,35,31
685454,35,31
685554,36,33
685554,37,34
685654,37,34
685754,37,35
686054,35,32
686268,37,38
686371,37,37
686438,40,38
686571,40,40
686668,41,39
686934,36,32
686301,36,32
686701,37,32
686901,37,31
687301,40,43
686701,36,40
687601,36,37
686901,35,35
687401,36,34
687601,37,34
687801,34,31
687901,33,32
687901,32,32
688101,34,31
688401,34,32
688501,35,32
688701,36,31
688801,35,35
688501,35,34
688401,35,35
688801,36,32
689001,37,33
689101,37,34
689501,38,40
689801,39,41
689801,39,41
690001,39,41
690501,39,39
690501,36,36
690301,36,34
690201,35,33
690101,35,34
690001,35,33
690001,36,34
690401,35,31
690501,37,37
690701,35,31
690701,35,32
690801,37,36
690901,37,32
690901,37,33
691301,39,41
691601,39,41
691701,39,44
691701,36,35
691701,36,34
691701,35,32
692201,33,31
692201,34,32
692201,35,32
692601,35,34
692701,34,33
692901,38,38
693001,36,37
693001,34,36
693001,39,41
693301,35,33
693401,34,31
693601,34,31
693601,36,36
693901,40,44
694101,35,34
694201,34,32
694201,35,31
694201,35,30
694801,33,31
694801,34,33
694801,35,34
694801,41,44
695101,36,36
695301,35,34
695401,34,33
695601,34,32
695601,33,30
695801,39,39
696001,37,38
696101,41,48
696101,41,46
696301,37,41
695901,35,34
696101,35,33
696101,34,31
696101,33,29
696501,34,31
696701,39,42
696701,37,40
696901,34,34
697101,35,35
697301,40,46
697401,41,48
697801,33,30
697901,33,31
698001,33,33
698401,34,34
698001,40,43
698201,39,43
698301,39,44
698401,34,38
698601,35,34
698701,36,37
698801,36,37
699201,33,31
699301,34,33
699301,35,34
699601,36,36
699801,35,33
700001,34,32
700201,34,29
700501,34,29
700701,37,41
700401,40,44
700701,37,33
700801,35,32
700901,34,31
701001,29,28
701001,30,28
701301,36,34
701401,37,36
701401,38,38
701801,35,34
701801,35,32
701801,35,31
702201,36,31
702301,34,33
702401,35,34
701601,34,32
701101,34,31
702101,35,32
702201,36,33
702301,36,34
702501,38,39
702601,38,40
702701,39,41
703101,36,33
703201,35,31
703301,35,31
703701,34,28
703801,33,28
703801,41,43
703901,40,42
704201,40,48
704301,33,31
704401,34,32
704501,34,32
704801,36,34
705001,34,32
705101,34,31
705401,37,38
705401,43,49
705501,37,36
706001,35,34
706001,35,32
706001,34,31
706501,34,29
706501,34,29
706701,36,34
706801,35,33
706801,35,32
706901,35,32
707701,37,38
707801,36,36
708101,34,32
708401,35,34
708601,34,32
708601,34,31
708301,38,41
709101,37,37
709201,35,35
709401,34,31
709501,34,31
709701,38,38
709801,38,42
709901,39,43
710101,37,35
710101,35,34
710301,36,32
710501,34,30
710601,37,37
710701,37,36
710901,36,38
711001,38,35
711101,37,33
711201,37,32
711301,35,30
711401,35,30
711501,36,30
711601,38,36
711701,39,38
711801,39,40
711901,41,41
712001,40,44
712101,43,43
712201,38,37
712401,37,35
712501,36,33
712501,35,32
712601,34,30
712701,33,30
712801,34,29
713001,37,37
713101,38,39
713301,39,36
713301,37,34
713501,35,33
713601,33,32
714201,34,31
714301,35,33
714401,36,35
714401,35,39
714501,36,40
714801,37,33
714901,38,32
714901,37,31
715001,37,30
715401,43,44
715501,41,42
715601,40,41
715701,40,39
715901,38,36
716001,38,35
716101,37,33
716201,37,33
716201,36,32
716401,35,30
716501,35,29
716501,35,29
716701,37,31
716801,37,32
716901,38,33
717001,38,34
717201,38,35
717201,38,36
717201,38,38
717301,38,40
717401,38,42
717501,43,41
718101,40,38
718301,39,38
718501,36,36
718601,36,35
718801,35,34
718901,35,33
719001,35,32
719101,34,32
719201,34,31
719901,35,36
720001,35,34
720001,35,33
720101,34,32
720101,34,31
720401,39,41
720401,40,43
721001,41,43
721201,41,42
721401,36,38
721501,35,36
721601,36,34
721701,34,33
721701,33,32
721801,32,31
722101,39,42
722301,38,35
722401,36,34
722501,35,32
722601,34,31
722601,34,30
723101,39,42
723201,36,36
723301,37,35
723901,38,38
724301,40,43
724301,33,32
724301,34,33
724401,34,34
724501,35,35
725001,38,37
725101,37,34
725201,36,33
725301,35,31
725401,34,30
725401,34,29
725501,38,40
726301,39,44
726401,40,43
726501,42,43
726901,40,43
727001,36,37
726901,35,35
726801,33,32
726801,34,31
726801,34,30
727401,37,32
727501,37,34
727501,37,35
727601,36,37
727701,36,38
727001,35,34
726901,35,32
725701,34,32
725601,34,34
725501,35,35
724801,33,32
724901,35,35
727901,37,34
728201,38,35
728301,35,32
728401,35,31
728401,34,29
728701,35,31
728801,35,33
728801,36,34
728901,37,35
729201,38,38
729301,37,35
729301,37,34
729401,37,32
729501,37,31
729501,39,38
729501,39,40
729601,40,42
729701,40,43
729801,41,41
730001,40,37
730001,40,35
730101,39,32
730201,38,32
730301,39,33
730401,39,35
730501,39,36
730501,39,37
730601,40,38
730701,40,39
730801,40,42
730901,41,43
731101,42,43
731301,43,44
732301,40,43
731501,37,39
731501,36,37
731401,36,36
731301,36,35
731201,35,32
731101,34,31
731101,34,30
731501,35,32
731601,36,33
731801,36,35
731901,37,36
731901,37,37
732101,38,38
732201,38,36
732301,37,35
732401,36,33
732901,35,32
733001,35,31
733101,34,30
733201,36,32
733301,36,33
733401,36,34
733501,37,35
733601,37,36
734201,42,49
734601,36,35
734601,35,33
734701,35,32
734801,34,31
734801,34,31
735001,35,32
735101,35,34
735101,36,35
735501,37,35
735601,36,34
735701,35,33
735801,35,31
735801,35,31
736101,39,32
736201,38,34
736201,38,36
736201,38,38
736701,41,40
736801,42,42
737001,40,38
737101,38,37
737201,36,35
737301,35,33
737401,34,32
737501,34,31
737901,42,46
738201,42,40
738401,40,39
739201,42,47
739001,35,31
739101,34,32
739201,35,33
739301,35,35
739401,36,32
739501,36,34
739601,36,35
739601,37,36
739901,38,33
740001,37,33
740101,37,32
740101,37,31
740401,38,30
740301,37,39
741001,36,36
741101,36,35
741301,37,39
741401,38,35
741501,38,33
741601,36,32
741701,35,31
741701,35,30
742101,38,42
742201,39,39
742601,36,36
742701,36,35
742501,37,33
742701,36,32
743101,40,42
743201,40,42
743501,40,44
743901,36,36
744001,36,33
744001,35,31
744101,34,30
744201,34,30
744501,35,33
744601,36,35
744601,36,36
744701,36,37
744801,36,39
744801,37,39
745001,37,41
745001,39,43
745001,39,43
745101,38,38
745201,37,35
745301,37,34
745301,36,32
745401,36,31
745401,36,31
745601,37,31
745701,38,34
745801,39,36
745901,39,36
746001,37,37
746001,38,37
746401,37,32
746501,38,32
746601,38,31
746701,37,33
746801,37,34
746901,38,36
747101,41,38
747301,40,40
747301,40,41
747601,38,36
747701,38,35
747701,37,34
747801,36,33
747901,35,32
748001,36,30
748201,36,31
748301,38,32
748301,38,33
748401,38,33
748501,39,32
748601,38,32
748701,38,33
749101,37,36
749101,37,38
749101,38,39
749101,40,40
749101,41,43
749101,40,45
749101,31,46
749601,39,44
750001,36,35
750101,38,36
750201,37,38
750301,37,39
750601,37,41
750601,39,39
750801,36,36
750901,36,35
750901,35,34
751001,35,32
751101,34,31
751201,34,30
751601,35,31
751601,35,32
751901,36,35
751901,36,35
752201,37,35
752301,37,36
752401,37,37
752501,38,38
752601,38,39
752701,42,40
753101,36,33
753201,36,33
753301,35,32
753401,34,30
753801,36,31
754001,37,32
754101,37,33
754201,37,34
754301,37,34
754501,39,36
754601,39,37
754701,41,38
754801,40,39
754901,41,40
755001,41,36
755101,39,34
755201,39,34
755301,38,33
755301,38,32
755401,37,31
755501,37,30
755501,34,28
755901,37,31
755901,38,33
756701,38,38
756801,40,38
756801,41,38
757101,38,35
757201,38,34
757201,38,33
757301,38,32
757401,38,31
758001,39,33
758101,39,33
758301,37,35
758301,37,36
758401,38,36
759501,38,41
759701,39,40
761201,39,42
761301,39,41
762201,38,38
762101,34,35
762401,36,36
763501,37,39
763701,37,38
758801,35,32
758901,36,32
759801,35,31
759901,36,32
760001,36,33
760101,36,34
761401,37,34
761501,36,33
761601,35,33
761801,36,32
761901,36,31
762201,37,32
762401,38,33
762901,35,34
763201,36,35
763301,36,35
764301,35,32
764601,33,30
764901,34,30
765001,34,31
765101,35,32
765101,35,32
765501,35,33
765601,35,34
765701,35,34
765901,35,33
766001,35,32
766101,34,31
766601,36,31
766701,36,32
766801,36,32
766901,36,33
767001,36,33
767201,36,31
767301,39,32
767401,38,33
767501,38,34
767501,37,34
768301,36,32
768401,36,33
768501,35,33
768601,35,34
768901,36,31
769001,38,33
769101,38,33
769201,37,34
769301,35,35
769601,37,31
769701,38,32
769801,38,33
769901,36,34
770001,35,35
770001,37,38
770101,38,37
770201,38,36
770401,36,33
770601,36,32
770701,37,32
770801,38,34
770901,38,35
770901,38,36
771101,38,38
771201,38,38
771701,39,39
772601,39,37
772801,38,39
773001,38,39
774001,37,39
774101,37,38
772101,33,31
772201,35,32
772301,35,33
772401,36,34
772701,34,30
772801,37,32
772901,37,33
773001,37,34
773101,37,34
773601,37,32
774301,33,31
774501,35,32
774601,36,33
774701,36,34
774801,36,34
775301,35,31
775501,36,33
775701,36,33
775801,36,33
775901,36,34
775101,37,39
775201,38,40
775301,40,41
776001,40,44
776101,41,44
776501,39,39
776601,40,40
776601,39,42
776701,39,42
776901,37,37
776771,34,31
776841,34,31
776874,37,33
776908,37,34
776971,38,30
777037,38,33
777107,39,34
777174,39,31
777304,40,34
777437,40,31
777515,33,31
777578,34,31
778115,35,32
778215,34,33
778215,34,31
778215,33,31
778615,38,37
778715,35,34
779315,35,31
779415,35,32
779915,36,33
780015,37,38
780015,39,40
780215,36,34
780315,35,32
780315,33,31
780915,36,34
781215,34,32
781315,39,40
781515,40,42
781615,35,36
781715,35,35
781915,34,32
781915,33,31
782115,34,33
782115,35,35
782215,36,38
782415,39,41
782415,42,42
783215,34,31
783215,35,31
783215,36,32
783215,36,32
783515,36,33
783515,35,33
783615,37,35
784215,36,37
784215,38,42
784415,39,39
784615,36,33
784915,35,31
785015,36,32
785115,37,33
785115,36,32
785115,35,34
785615,40,39
785615,43,39
786115,36,32
786815,36,33
787115,38,40
787315,40,38
787715,33,31
787715,34,32
787715,34,32
788215,44,48
788515,44,48
789015,32,30
789115,33,30
789315,34,30
789415,34,31
789515,34,31
789615,35,33
789715,36,35
789715,36,35
789715,34,32
789715,34,34
790115,34,30
790115,34,31
790115,34,32
790115,36,33
790115,36,34
791015,33,31
791015,34,31
791015,34,32
791015,35,34
791515,33,31
791515,33,31
791615,34,32
791715,35,33
792115,33,31
792115,34,32
792115,35,33
792815,36,35
793015,36,33
793015,34,32
793015,34,31
793015,34,31
793415,34,31
793415,35,32
793415,35,33
794015,36,36
794415,35,33
794515,34,31
794615,34,31
794715,33,30
795015,35,33
795315,38,40
795615,40,41
796615,33,32
796615,34,33
797015,35,34
797515,37,37
798115,37,38
797915,34,32
797915,33,31
797915,32,30
798315,35,34
798415,33,33
798215,33,31
799215,32,30
799315,33,31
799415,33,31
799515,34,32
799615,34,32
800215,33,31
800215,34,32
800515,34,31
800915,34,31
801115,34,31
801315,35,32
801315,35,33
801415,35,34
801915,34,31
802015,35,31
802015,35,32
802015,35,33
802415,36,31
802315,37,39
802515,37,39
802515,39,45
802815,34,31
802915,35,32
803015,35,34
803015,36,35
802715,34,34
803115,35,31
803415,35,31
803415,36,31
803515,35,33
804115,36,34
804215,36,32
804615,37,33
804615,36,34
804615,36,35
804615,39,36
806415,34,31
806415,34,31
806415,35,31
806415,36,32
806815,35,33
806915,34,32
807415,36,33
807515,35,32
807615,35,31
807715,34,31
807915,34,32
808015,35,33
808115,35,33
808915,38,40
808915,38,38
808715,34,31
809015,34,31
809115,36,33
809215,36,32
809415,35,31
809515,35,32
809615,35,33
809815,35,34
809915,37,34
810115,37,32
810215,36,32
810315,35,31
810315,35,31
811115,36,35
811815,36,33
811915,34,31
812215,35,32
812315,35,34
811915,39,42
812215,35,32
812215,37,33
812515,36,31
812715,36,31
813415,35,32
813515,36,31
813615,35,32
814615,34,32
814715,34,33
814815,33,31
815015,33,31
815315,34,30
815515,36,31
815615,34,32
815915,36,35
816015,36,37
816115,34,32
816115,35,33
816415,36,30
816515,35,32
816615,35,33
816715,36,34
816815,37,36
816815,37,31
816915,35,33
817715,38,38
817815,38,35
818215,39,41
818515,37,40
819415,38,38
819615,39,39
818415,35,31
819015,35,33
819115,35,33
819115,35,32
819315,35,30
819715,33,27
819815,33,27
820115,34,27
820215,35,27
819615,33,31
819615,33,32
819615,35,33
819715,37,34
820015,34,32
820215,34,32
820315,35,30
820515,36,30
820615,36,31
820915,35,34
821115,35,32
821515,36,33
821715,37,34
821915,35,31
822015,35,31
822415,36,32
822615,36,31
822815,36,31
822915,35,29
823015,34,28
823215,35,33
823415,36,32
823515,35,32
823815,35,33
824115,35,32
824215,35,31
824215,33,28
824215,32,28
824215,31,28
824515,33,30
824715,34,31
824815,35,32
824915,35,33
825315,35,33
825315,35,32
825815,35,34
826015,35,33
826115,34,32
826215,34,30
826915,33,30
827015,33,31
827115,33,32
827215,33,33
827415,34,33
827515,34,32
827615,34,31
827715,34,30
828215,32,32
828315,33,33
828415,33,34
828615,35,31
828715,35,32
828815,35,32
828915,36,33
829015,36,33
829915,42,48
830115,34,33
830115,32,32
830115,33,31
830215,33,30
830415,34,30
830515,35,31
830515,34,32
830615,34,34
830715,34,35
830815,34,35
830915,35,33
831015,35,32
831115,34,32
831815,34,32
831915,34,32
831915,34,33
831915,35,33
832015,35,31
832115,35,31
832115,34,31
833515,35,33
833615,36,33
833815,35,32
833915,34,31
833915,34,31
833915,34,31
833815,36,38
834215,35,33
834315,35,33
834415,35,32
834415,35,31
834415,35,31
834815,39,40
835015,39,39
835115,37,37
835215,38,36
835315,34,34
835315,33,33
835415,35,32
835915,34,33
835915,35,32
835915,35,31
836415,35,32
836615,35,33
837215,38,38
837215,36,33
837215,35,32
837315,36,31
837315,35,31
837715,40,43
837915,36,36
838015,37,32
838415,37,31
838615,39,39
838615,40,43
838615,41,43
839015,37,36
839415,38,39
839615,39,38
840115,40,42
840115,36,35
839315,33,33
839115,32,32
838815,35,31
839815,35,32
839815,34,32
840115,36,35
840315,35,31
840415,37,32
840515,36,33
840615,36,31
840815,36,33
840815,37,37
841215,37,32
841315,37,33
841415,37,33
843015,35,34
843315,36,31
843315,38,31
843415,36,32
843415,37,32
843515,36,33
844215,36,38
844215,39,41
844315,36,34
844515,38,37
844715,38,36
844815,35,33
844915,37,33
845315,38,33
845415,39,33
845615,37,31
845615,36,31
846015,37,32
846115,38,33
846615,40,42
847015,40,40
847115,42,41
847415,33,32
848315,34,31
849015,32,32
849215,34,31
848815,36,40
849015,38,40
849415,34,31
849515,34,32
849615,37,37
849815,35,35
850615,36,32
850715,36,33
850815,36,33
850915,36,38
851015,39,39
851815,36,33
851915,34,32
852115,38,40
852115,40,43
852415,33,31
852515,34,32
852615,34,32
852615,34,33
852815,32,34
853115,35,35
853515,35,34
853615,34,33
854415,35,34
854615,35,36
855315,32,30
855315,32,31
855515,33,31
855515,33,32
855815,36,36
855915,34,32
856015,34,31
856115,34,31
856215,38,40
856515,37,37
856815,36,33
856915,33,32
857015,34,31
857115,35,31
857215,34,34
857215,34,35
857915,32,31
858015,35,32
858215,35,33
858915,36,35
859115,35,33
859215,34,32
859315,32,30
859415,31,30
859615,33,30
859715,33,31
859815,34,32
859915,34,33
860115,36,37
860215,34,32
860415,34,30
860515,33,29
860615,32,29
860615,29,28
860715,28,28
860915,4,27
861115,17,27
861615,35,34
861615,36,34
861615,36,32
861715,36,31
861815,36,31
861915,36,34
862215,40,39
862915,35,33
863015,35,32
863115,35,31
863215,34,31
864115,35,35
864115,34,33
862515,36,38
863015,39,40
863815,39,35
863915,36,33
864015,35,32
864115,35,31
864215,35,30
864515,32,28
864615,33,28
864715,34,28
864715,34,27
864315,29,27
864615,35,32
864815,34,31
865215,36,32
865215,36,35
865515,36,33
865615,36,32
865615,35,31
865615,35,31
865815,35,30
865915,37,31
866215,37,36
867015,36,38
867015,37,39
867715,39,40
867515,35,33
867715,35,32
867815,34,31
867915,34,31
867915,33,30
868515,32,28
868815,33,29
868915,33,31
868915,33,31
869715,34,34
870015,35,31
870115,36,31
870315,34,35
870515,33,34
871315,35,34
871515,35,33
871615,35,33
871815,36,34
872015,37,35
872115,35,32
873615,39,41
873715,40,40
873715,38,43
873715,33,30
873715,33,31
874415,39,40
874915,38,38
875215,35,33
875615,35,31
876415,34,31
876715,35,34
876815,36,35
877015,36,35
877415,38,39
878315,34,31
878315,33,31
878515,34,33
880315,33,31
880415,34,32
881015,38,40
881115,38,39
881715,38,37
882115,39,40
882415,34,31
882815,39,41
883015,39,40
883415,36,35
884215,35,34
884315,33,30
885115,35,33
888115,32,27
888215,32,27
888315,32,27
888515,33,28
888715,34,28
888815,34,28
889515,42,47
890815,34,32
891215,34,31
892815,45,49
893015,34,32
893015,36,34
893215,25,31
893215,32,28
893215,34,28
893415,37,40
893615,37,39
893915,35,34
893915,33,31
894115,36,32
894315,37,33
894415,35,32
894615,37,33
894715,38,34
895615,36,34
895815,37,31
896015,35,30
898315,34,33
898415,35,35
898715,37,34
899015,36,36
899415,37,40
899615,40,41
899615,35,34
899915,37,32
900915,36,34
901015,39,40
901015,38,39
901415,34,33
901415,34,32
901415,32,31
902615,32,27
902815,32,27
902915,33,28
902915,33,32
903215,34,31
904015,35,33
904015,36,34
904115,34,31
904215,33,32
904515,35,32
904615,35,33
905815,40,43
906115,42,44
905615,33,32
905715,34,32
905915,36,33
906215,37,33
906815,37,32
907015,36,31
907915,34,33
908115,35,32
909415,33,31
909715,34,31
910415,35,33
910515,34,32
911315,34,31
911615,37,34
911915,35,32
912015,35,32
912015,36,31
912415,36,36
912415,37,35
913015,36,34
913215,34,33
913415,37,33
914215,37,39
914515,37,39
914815,34,32
915015,35,32
915315,36,33
915315,34,33
915315,34,33
915315,34,33
915915,34,32
916015,35,32
916115,36,32
916815,31,27
917115,32,27
917415,33,28
918215,33,27
918015,34,32
918015,34,32
918015,34,33
918015,35,34
918315,34,31
918415,35,32
919015,43,50
920115,41,48
919515,33,31
919615,33,32
919615,33,33
919715,34,33
919815,35,33
920515,32,30
920615,33,32
920715,34,32
921015,34,34
921515,34,32
921515,33,32
921515,33,33
921815,37,38
922015,39,39
922415,35,33
922515,34,32
922615,33,33
922615,33,34
922715,35,35
922915,33,31
922915,33,31
923215,35,33
923315,33,33
923715,34,33
923915,35,33
924015,35,34
924115,35,34
924115,35,35
925215,35,33
925215,35,34
925315,36,33
925615,32,28
925715,32,28
926015,32,32
926015,33,34
926315,35,33
926515,36,32
926815,35,32
927115,30,29
931015,37,32
931115,38,32
931415,42,32
931415,38,38
931515,38,39
932215,40,34
932315,40,34
932615,39,31
935115,37,34
935115,36,32
935115,35,32
951715,31,27
952015,32,28
954215,35,30
964915,34,30
970115,34,32
970215,34,33
974215,35,34
974415,35,34
976315,39,42
976615,39,42
977015,36,35
977515,37,38
977815,34,31
978115,34,34
979915,35,35
980015,35,33
980415,35,33
980415,35,36
980715,36,34
980715,37,34
981415,38,44
981715,37,38
982815,34,30
983415,38,40
985215,28,26
985215,31,26
985315,31,27
985415,31,27
985415,35,34
985415,36,34
985415,35,36
985815,32,27
985815,33,27
986115,35,27
986115,35,27
986315,35,27
986415,36,27
986515,37,28
987215,34,33
987415,37,36
987515,37,37
988015,41,45
988015,47,43
988115,39,40
988215,40,38
988615,23,26
988615,24,27
988615,29,27
988615,29,27
988715,31,26
988815,33,27
988915,34,29
988915,36,29
989315,35,34
989415,37,35
989615,36,27
989815,34,26
990015,36,28
990315,38,27
990415,35,27
990615,39,28
990915,40,27
991115,40,27
994015,33,27
994615,34,28
995115,34,28
995315,31,27
995515,32,28
995615,35,28
990115,37,36
990215,36,36
991215,37,38
992815,38,39
992815,37,38
993115,36,34
995115,36,37
996515,35,34
996715,37,35
997515,34,31
997515,35,33
997615,35,36
998015,35,34
998515,36,32
998615,35,31
998915,35,34
999015,34,33
999615,35,33
1000015,36,34
1000415,37,33
1000515,33,31
1000715,35,32
1000715,35,32
1000915,37,36
1001115,36,34
1001215,35,32
1001215,35,32
1001315,37,32
1001615,32,27
1001615,32,27
1001715,33,28
1001815,33,28
1002115,35,32
1002215,36,32
1002315,36,34
1002415,36,34
1002615,36,36
1002715,36,36
1002815,36,39
1002915,36,33
1002915,35,33
1003915,34,32
1004015,33,27
1004115,34,28
1005115,32,27
1004615,34,34
1004615,33,33
1004515,32,31
1004615,29,31
1005315,34,31
1005315,34,32
1005415,35,34
1005515,35,35
1005615,35,35
1006115,36,33
1006115,36,32
1006115,35,31
1006115,34,31
1007215,33,31
1007315,34,32
1007315,35,33
1007315,35,34
1007515,36,35
1007915,34,33
1007915,33,32
1007915,33,31
1008415,32,29
1008615,33,31
1008615,33,32
1008615,34,33
1008915,34,35
1009015,35,35
1009515,34,31
1010015,34,30
1010115,35,31
1011015,34,32
1011215,35,33
1011315,35,33
1011415,36,34
1011615,36,34
1011715,35,32
1011815,33,32
1011915,31,31
1012215,34,32
1012315,34,33
1012415,35,34
1012515,35,35
1012515,35,36
1012715,37,40
1012815,38,39
1013215,34,33
1013715,34,31
1013815,34,31
1014115,34,32
1014115,37,39
1014615,37,41
1014615,38,41
1014315,34,37
1014615,34,32
1014715,35,33
1014815,35,33
1014915,33,31
1015115,35,32
1015215,35,33
1015315,36,34
1015415,36,34
1015815,34,31
1016015,35,30
1017215,37,37
1017415,36,35
1017415,35,34
1017715,34,32
1017715,33,32
1017815,31,31
1017915,32,30
1018415,34,32
1018515,34,33
1018815,35,32
1019015,34,30
1019315,36,38
1020015,35,33
1019915,38,40
1020115,38,42
1020315,36,36
1020515,37,38
1021015,36,33
1021015,34,35
1021115,36,36
1021515,35,32
1021815,35,33
1022015,35,31
1022315,35,34
1022315,36,35
1022615,36,34
1023115,36,35
1023515,37,35
1023615,33,33
1024215,34,29
1024315,34,29
1024515,34,33
1025215,35,32
1025215,32,28
1025415,33,28
1025715,35,36
1027415,35,34
1027715,35,32
1027915,35,32
1028115,36,35
1028515,37,39
1029915,35,33
1030315,37,34
1030215,36,35
1030415,36,35
1032215,41,45
1032315,41,43
1032315,36,39
1032515,33,32
1032915,36,32
1033015,36,34
1033215,40,34
1033515,33,31
1033515,34,31
1036615,33,31
1036915,33,30
1037615,34,32
1037715,35,31
1037915,35,32
1038015,36,32
1038115,36,32
1038315,37,34
1038515,37,33
1038715,35,31
1039515,35,34
1041015,35,34
1041315,35,32
1041415,33,31
1041915,41,46
1042815,33,32
1042915,32,30
1043215,34,30
1043615,34,34
1043815,34,31
1044015,34,33
1044715,34,33
1044815,33,31
1046115,33,31
1046215,33,32
1046215,33,32
1046215,33,32
1046415,34,32
1046915,34,33
1046915,34,32
1047415,35,31
1047615,35,32
1047715,35,33
1048115,35,32
1048515,34,31
1048615,34,32
1049315,35,31
1049415,35,32
1049715,35,31
1049815,34,32
1049815,34,33
1050415,34,32
1050415,38,41
1050515,39,45
1050915,34,33
1051415,35,31
1051415,39,42
1052015,34,31
1056114,37,38
1056814,35,32
1057714,37,37
1059014,35,32
1060314,34,31
1061114,32,27
1061214,33,28
1061414,33,28
1061014,38,41
1061514,39,41
1061714,38,39
1062014,37,35
1062014,32,32
1062214,33,31
1062314,33,31
1062414,34,32
1062714,36,35
1062814,36,34
1063014,36,32
1063014,35,31
1063114,35,31
1063314,33,37
1063314,34,34
1063514,35,41
1063614,39,40
1063814,35,32
1063914,34,31
1064514,36,33
1065414,36,37
1065714,35,31
1066814,36,35
1067114,38,38
1068314,39,38
1068514,39,37
1068714,33,31
1068914,31,30
1069414,33,28
1069914,34,27
1073514,34,34
1073614,34,33
1073814,34,35
1074114,36,35
1076714,41,48
1076914,41,47
1084114,40,44
1084114,40,42
1084214,42,39
1084414,42,41
1087614,38,39
1087814,40,40
1089514,37,38
1090814,38,38
1091114,38,38
1093114,37,38
1093414,38,36
1096614,35,34
1096514,32,27
1096714,32,27
1096814,33,27
1097414,40,42
1097514,41,43
1099914,37,37
1100514,38,36
1102314,32,28
1102514,33,29
1103714,32,27
1103814,33,27
1104114,33,27
1104914,33,27
1107914,41,45
1109714,37,36
1110414,39,41
1110614,40,41
1113814,40,41
1114714,33,30
1114814,34,31
1114914,33,32
1119414,34,32
1119614,36,34
1119814,39,34
1119814,37,42
1121314,38,40
1123214,33,33
1122314,41,44
1128814,34,33
1129014,34,32
1129114,34,31
1129214,33,30
1129314,39,43
1131714,41,46
1132114,42,47
1135014,32,30
1135114,33,31
1135214,32,32
1136914,32,28
1137014,32,28
1138714,33,30
1138814,33,33
1138814,33,34
1139014,33,34
1140014,35,31
1140214,34,33
1140314,33,32
1140514,33,31
1141214,34,31
1141314,35,31
1142314,39,42
1142314,39,43
1142514,40,43
1142514,38,38
1142814,33,31
1142914,34,32
1143014,34,33
1144214,32,31
1144314,32,32
1144714,34,32
1144714,32,34
1145614,35,32
1145914,38,43
1146014,35,34
1146114,34,33
1146414,33,31
1146614,34,34
1146814,34,31
1146914,34,32
1146914,34,32
1147114,38,41
1148014,35,31
1148014,34,31
1148714,40,44
1149214,39,41
1151114,36,35
1151314,34,32
1151514,34,32
1152014,33,30
1152214,30,30
1151914,37,38
1152314,38,39
1152614,38,40
1152914,39,40
1153114,36,33
1153714,37,33
1154314,35,32
1155014,35,33
1155114,36,33
1155914,36,33
1156114,35,32
1156214,36,32
1156614,38,39
1156814,40,41
1156814,41,43
1157014,35,33
1157014,33,33
1157014,33,32
1157014,36,32
1157514,36,35
1157814,36,32
1157914,37,32
1158014,38,33
1158614,37,34
1159214,34,29
1159214,33,35
1159214,36,37
1159314,37,35
1160114,36,33
1160114,36,35
1160114,36,40
1160114,36,42
1160414,37,35
1160514,37,34
1160814,38,40
1160814,36,42
1160814,37,37
1160814,37,36
1161114,33,29
1161114,33,29
1161514,34,27
1161514,34,28
1161214,33,34
1161214,34,35
1161314,36,37
1161514,36,41
1161714,38,41
1161914,36,35
1162014,35,31
1162314,35,29
1162414,35,32
1162514,35,33
1162614,35,34
1162714,35,34
1162714,35,35
1162814,34,37
1162314,39,39
1162514,38,38
1162714,37,35
1163614,36,33
1163614,37,33
1163914,39,43
1163914,40,45
1164514,38,36
1164514,38,36
1164514,38,35
1164514,36,34
1164614,36,32
1165414,34,32
1165614,35,32
1165814,35,31
1166614,34,32
1166614,34,34
1166714,37,34
1167314,34,32
1167614,30,28
1167814,31,29
1167614,33,32
1167714,33,33
1168614,34,30
1169014,35,33
1169114,35,34
1169114,38,33
1169314,36,32
1169614,35,32
1170414,32,27
1170414,34,31
1170614,34,31
1170714,36,34
1171214,37,33
1171314,34,32
1171414,33,32
1171414,30,27
1171814,36,32
1172114,37,33
1174114,33,31
1174214,35,32
1174514,36,32
1174814,33,27
1174914,34,27
1175414,35,31
1175514,35,33
1176014,36,33
1176114,37,34
1176314,34,32
1176414,34,33
1176914,35,34
1178314,37,37
1178314,37,35
1178514,35,33
1178514,35,31
1178514,36,31
1178514,37,32
1179114,39,39
1179214,35,34
1179614,38,37
1179714,34,37
1180114,34,32
1180214,35,31
1181214,34,32
1181314,35,32
1181514,37,33
1183014,35,32
1184414,34,33
1184614,35,32
1184914,34,32
1185214,35,32
1186314,32,27
1186414,36,28
1186714,33,31
1186814,32,32
1188914,35,34
1188914,37,34
1192014,32,28
1194614,33,28
1194914,34,31
1195114,35,32
1195314,35,33
1195414,35,34
1197514,34,31
1197614,36,32
1197814,35,31
1197914,35,33
1198814,35,31
1198614,35,33
1199414,34,31
1199614,34,33
1200414,35,32
1200614,32,28
1200814,35,31
1200914,35,34
1201014,32,28
1201114,33,27
1201714,35,34
1202314,35,33
1202414,35,34
1204114,36,34
1204214,36,35
1204514,37,33
1205414,42,48
1207413,33,29
1207513,31,26
1207613,32,29
1207813,34,29
1209013,40,45
1209213,41,47
1209613,34,31
1209813,42,46
1211113,42,46
1211113,40,43
1211413,36,34
1214813,33,29
1214913,29,28
1215813,37,38
1216013,38,40
1218713,38,37
1219813,39,42
1220713,38,42
1221113,39,40
1221113,37,38
1221213,38,36
1222513,38,35
1222713,39,36
1225513,38,41
1226113,40,40
1226213,39,39
1227213,38,40
1227313,37,38
1227513,39,44
1228213,38,38
1228413,40,42
1229013,40,40
1231213,40,44
1231313,39,37
1234713,43,47
1239313,41,42
1239813,41,40
1239913,41,38
1240213,39,37
1240413,37,36
1242413,37,37
1245413,37,37
1248913,37,36
1249313,39,39
1249413,39,37
1249613,38,35
1252213,37,35
1253413,37,37
1253813,37,35
1256413,37,37
1260313,36,40
1260613,39,43
1262913,38,43
1264613,40,41
1264813,40,39
1265413,40,42
1265513,40,41
1266813,39,39
1267113,41,43
1276813,37,39
1277913,37,37
1278113,37,39
1279713,36,37
1279813,36,40
1280213,36,35
1280713,38,37
1282913,37,36
1283313,37,36
1283513,37,39
1283713,38,39
1290013,38,37
1290513,39,40
1291313,39,40
1291413,39,39
1291813,37,37
1293413,37,36
1293513,39,37
1296013,37,39
1296213,38,37
1296413,38,37
1299813,35,36
1299913,36,37
1300413,38,39
1300713,39,41
1306513,32,26
1306613,32,25
1307813,34,33
1308313,31,26
1308413,31,26
1308513,31,26
1308713,32,27
1309013,33,27
1309013,33,26
1309913,39,40
1310013,32,26
1310113,33,27
1310213,34,25
1310813,39,36
1311013,33,25
1311113,33,27
1311413,34,25
1311513,33,26
1311213,36,38
1311113,33,36
1312013,33,26
1312113,33,27
1312313,37,27
1312413,37,27
1312813,36,33
1313013,38,37
1313813,38,35
1313813,30,26
1313913,32,27
1314013,33,25
1314113,33,26
1314213,34,27
1314313,35,26
1314813,34,26
1314913,34,27
1315113,35,26
1315313,35,27
1314713,39,43
1315013,41,44
1314213,34,34
1314313,34,35
1316113,32,26
1316213,32,26
1316413,35,26
1316513,36,26
1316613,36,27
1316713,37,26
1316813,38,28
1317313,37,35
1320713,31,26
1320813,33,26
1320913,33,26
1321013,29,25
1321013,26,25
1323113,28,31
1324713,37,35
1325113,36,34
1325860,39,40
1326060,40,42
1326760,37,34
1326960,36,37
1327060,37,38
1327160,38,41
1327160,40,39
1327160,37,35
1327860,37,32
1327760,33,27
1327760,36,28
1328360,34,31
1328360,32,32
1328360,38,43
1328860,34,31
1329360,34,32
1329860,34,32
1330160,34,31
1330260,34,33
1330560,35,31
1330560,32,30
1330760,34,32
1330860,34,33
1330960,34,33
1331160,34,30
1331260,34,32
1331360,34,33
1331560,36,30
1331660,36,31
1331760,35,32
1331760,35,34
1332060,37,35
1332260,35,32
1332360,36,31
1332960,35,33
1333260,35,33
1333260,35,33
1333260,35,34
1333260,36,32
1334260,36,33
1334260,35,32
1334260,34,31
1334260,33,30
1334860,34,30
1334860,35,31
1334860,36,31
1334860,37,32
1334860,36,37
1335160,36,33
1335360,36,38
1334960,40,44
1336060,34,30
1336060,34,31
1336060,35,31
1336060,35,32
1336060,35,32
1336060,37,33
1336060,36,33
1336060,35,34
1336060,37,36
1336760,38,34
1336960,34,32
1336960,33,31
1336960,32,31
1337460,35,33
1337460,34,33
1337460,38,33
1337660,35,32
1337760,35,31
1337860,33,30
1337860,33,29
1338060,31,28
1338360,39,40
1338460,37,34
1338560,37,33
1338660,37,33
1338760,36,32
1339260,35,30
1339260,36,31
1339260,36,32
1339260,36,32
1339660,33,29
1339660,34,28
1340060,36,33
1340160,35,32
1340260,35,31
1340660,35,29
1340960,35,34
1341360,39,35
1341360,37,34
1341360,38,33
1341360,35,33
1341460,35,32
1341560,35,31
1341560,35,31
1341560,34,30
1341660,32,29
1342360,36,34
1342360,35,32
1342360,35,32
1342360,33,30
1342860,34,32
1342860,35,31
1343160,35,31
1343960,36,35
1343960,33,33
1343960,36,33
1344260,35,33
1344360,36,32
1344960,33,28
1344960,34,27
1344960,33,27
1345160,34,34
1345460,35,34
1345560,35,32
1345560,35,32
1345560,35,31
1345960,33,28
1346260,37,33
1346460,38,34
1346460,40,41
1346960,35,33
1346960,35,32
1346960,34,32
1347060,32,30
1347160,32,29
1347360,39,40
1347660,36,33
1347760,35,32
1347860,34,31
1347860,33,30
1347960,32,30
1348160,35,35
1348160,36,36
1348160,37,35
1348160,36,34
1348360,35,32
1348460,35,31
1348960,36,31
1349160,37,33
1349560,35,32
1349660,36,33
1349660,36,34
1349760,37,34
1349860,38,35
1350260,38,34
1350360,37,32
1350460,36,32
1350560,35,31
1350660,35,30
1350960,35,32
1350960,35,33
1350960,36,33
1351460,34,33
1351760,34,32
1351960,34,31
1352260,34,31
1352460,34,32
1352860,35,31
1352860,35,31
1352860,35,32
1352860,35,32
1353360,35,33
1353460,35,32
1353860,35,30
1353860,34,32
1354060,34,32
1354060,34,33
1354560,35,33
1354660,34,32
1354760,33,31
1354760,34,31
1354860,29,28
1354860,30,28
1355260,35,32
1355460,35,32
1355560,34,31
1356160,34,33
1356160,36,34
1356160,37,32
1356460,38,33
1356560,39,34
1356760,33,31
1356760,31,30
1357260,36,34
1357360,34,32
1357560,35,31
1357760,36,33
1357860,37,33
1358060,37,34
1358660,35,36
1359160,38,39
1359360,37,38
1359460,38,42
1358460,35,33
1359260,34,33
1359260,33,32
1359260,34,31
1359360,35,30
1359860,35,30
1359960,36,32
1359960,34,34
1360260,35,34
1360360,35,33
1360660,37,32
1360760,35,33
1360960,36,32
1361360,35,31
1361460,35,31
1361660,37,31
1361760,34,32
1361960,35,31
1362160,36,31
1363060,42,47
1363360,34,33
1363460,35,33
1363560,34,32
1363660,34,31
1363760,35,32
1363860,34,34
1364060,35,33
1364260,34,30
1364360,35,31
1365160,34,31
1365260,35,31
1365360,35,33
1365460,38,32
1365660,34,32
1366160,36,35
1366660,36,34
1366760,33,31
1366760,36,31
1366860,37,31
1367060,37,33
1367060,37,37
1367260,35,32
1367460,39,39
1367460,37,41
1367660,36,36
1367860,35,35
1368460,34,32
1368660,34,32
1369460,33,30
1369860,38,40
1370260,34,31
1370260,35,32
1370660,34,31
1370460,37,41
1370560,37,39
1370860,38,39
1371160,35,32
1371360,34,31
1371460,35,30
1372460,33,30
1372660,34,32
1372760,34,33
1373160,34,35
1373360,35,31
1373360,34,30
1373860,36,33
1373860,36,32
1374160,38,38
1374260,39,37
1374460,40,39
1374360,34,32
1374360,35,31
1374360,34,31
1374360,37,31
1375460,39,40
1375460,38,38
1375760,37,34
1375960,34,31
1376160,35,32
1376260,35,30
1376260,34,30
1376660,36,37
1377060,38,38
1377060,37,40
1377360,33,31
1377460,35,32
1377860,35,31
1377860,36,31
1377860,36,32
1378060,36,33
1378460,35,30
1378460,35,31
1378660,36,33
1378860,37,33
1378960,35,31
1380260,35,33
1380460,36,33
1380560,33,32
1380560,32,31
1380860,33,30
1380960,33,31
1381060,34,32
1381460,34,31
1381760,34,32
1381860,35,33
1382160,37,32
1382260,36,31
1382360,34,31
1382660,36,32
1382860,35,31
1383460,33,27
1383460,35,28
1383660,34,32
1383860,35,31
1383960,34,31
1383960,34,32
1383960,36,32
1384060,37,31
1384060,36,31
1384660,35,34
1385160,37,33
1385160,36,32
1385260,35,31
1386160,37,32
1386160,37,32
1386160,35,31
1386160,37,30
1387860,35,32
1387860,34,31
1388160,35,34
1388460,37,34
1388660,36,32
1388760,36,31
1388960,37,31
1389060,38,32
1389260,41,46
1389260,40,47
1389660,36,31
1389760,37,31
1389960,37,33
1390360,38,32
1390460,38,31
1390560,38,31
1390760,39,32
1392260,34,31
1392260,34,32
1392560,35,33
1392760,33,30
1392860,32,29
1392860,30,28
1393160,33,31
1393160,32,31
1393160,31,31
1393860,34,32
1393860,35,31
1394160,34,31
1394460,35,32
1394560,35,32
1394660,36,31
1394760,34,34
1395060,35,34
1395260,35,32
1395760,33,28
1395660,32,32
1395760,32,34
1396060,34,33
1396160,35,34
1396260,35,34
1396360,36,34
1396560,34,32
1396560,34,31
1396560,33,29
1396660,36,28
1396860,34,32
1397360,37,34
1397460,36,33
1397460,35,32
1397860,34,29
1397860,35,28
1398160,35,32
1398160,35,33
1398560,36,32
1398560,34,32
1398660,37,36
1398660,37,37
1398860,39,40
1398960,36,31
1398960,37,32
1399160,36,33
1399060,36,41
1399360,38,34
1399660,36,34
1399860,38,36
1399960,36,38
1399660,34,33
1399660,33,33
1400160,35,32
1400160,35,33
1400460,35,33
1400660,34,31
1400660,34,30
1400760,34,28
1401060,36,31
1401160,34,32
1401360,37,29
1401460,36,31
1401960,35,32
1402060,35,34
1402360,37,34
1402460,37,33
1402660,37,32
1402760,35,31
1403260,33,29
1403760,35,33
1404060,37,38
1404160,38,41
1404260,38,38
1404360,36,35
1404460,34,33
1404660,36,33
1404760,35,31
1404960,36,31
1405160,36,33
1405260,37,33
1406060,39,41
1406260,40,43
1406460,35,34
1406560,36,33
1406560,36,32
1406660,36,32
1406760,36,31
1407260,36,35
1407360,36,36
1400560,32,28
1402360,34,29
1403160,34,29
1405560,33,28
1405660,33,28
1407160,33,28
1407760,35,35
1407860,35,37
1408560,34,28
1410260,36,36
1411360,36,36
1411560,36,35
1412160,37,36
1428459,37,38
1429159,37,36
1429959,37,36
1430359,37,37
1431159,36,35
1432159,37,38
1432359,37,37
1432559,34,35
1432759,34,34
1433559,34,33
1433759,34,32
1434559,35,36
1434859,35,34
1435459,34,31
1435559,34,32
1435559,35,32
1435959,35,33
1436159,36,34
1436359,36,35
1436959,37,34
1437459,34,33
1437759,32,32
1437859,31,32
1438259,34,33
1438759,36,34
1438859,36,33
1438959,37,32
1439059,36,32
1439359,36,31
1439559,35,35
1440259,36,33
1440459,36,31
1441259,35,32
1441459,36,33
1441559,36,33
1442259,35,32
1442459,34,31
1442759,34,31
1442859,33,31
1442859,34,32
1442959,34,30
1443359,35,33
1443359,33,32
1443659,35,33
1444059,37,36
1444959,33,31
1445059,34,32
1445559,33,29
1445559,31,29
1445859,33,32
1446159,32,32
1446159,28,32
1446359,34,31
1446759,37,38
1446859,38,40
1447259,33,30
1447559,34,32
1447759,36,35
1447959,35,31
1448059,35,32
1448559,34,33
1448959,37,37
1449159,39,40
1449159,34,32
1449359,35,34
1449459,35,31
1449659,36,31
1449959,36,36
1450259,37,33
1450859,38,37
1451359,39,41
1451359,37,35
1451459,36,33
1451359,35,32
1451359,34,31
1451359,32,31
1451759,35,31
1451859,35,33
1451959,36,35
1451959,36,35
1452059,37,33
1452159,36,32
1452159,35,31
1452259,35,30
1452359,33,27
1452259,38,37
1452359,38,38
1452359,38,40
1453059,36,33
1453659,37,35
1453659,37,35
1453259,34,33
1453259,31,32
1453259,31,31
1453759,35,31
1453859,36,32
1453959,36,33
1454159,35,33
1454359,37,32
1454659,32,28
1454859,34,27
1454959,34,28
1454959,33,29
1455359,35,31
1455459,34,32
1455959,36,33
1455959,35,31
1456059,36,32
1456559,34,33
1457159,35,33
1457359,35,32
1457459,35,32
1457459,36,31
1457759,35,29
1458159,36,39
1458559,35,31
1458659,35,33
1459059,36,33
1459159,35,37
1459459,36,33
1459459,38,32
1459459,37,31
1459459,36,31
1459859,38,38
1460359,33,33
1460559,38,40
1460759,36,36
1461259,36,37
1461459,38,41
1461659,31,28
1462459,34,31
1462659,35,33
1463059,35,31
1463359,35,32
1463459,35,33
1463659,35,34
1464059,34,31
1464159,34,32
1464359,36,34
1464359,36,35
1464759,36,36
1464959,36,33
1464959,35,32
1465059,34,31
1465559,34,32
1465759,36,32
1466059,35,34
1466159,36,34
1466559,38,34
1466759,34,33
1467459,35,33
1467459,34,32
1468359,34,32
1468759,33,30
1469059,34,32
1469359,34,33
1470259,37,36
1470259,36,34
1470459,34,32
1470459,33,31
1470759,34,32
1470859,34,33
1470859,33,35
1471259,35,33
1471459,34,32
1472059,35,33
1472159,35,32
1472459,36,32
1472459,36,33
1472459,35,35
1472659,34,37
1473059,36,34
1473259,34,33
1473359,33,32
1473359,33,32
1473559,35,33
1473959,37,39
1474159,33,30
1474659,35,32
1474759,35,32
1474959,36,32
1474959,35,33
1474459,39,44
1475159,36,32
1475259,37,33
1475459,38,32
1475459,37,31
1475459,39,42
1476159,37,38
1476359,36,35
1476459,35,33
1476559,37,32
1476559,36,31
1477459,41,46
1478159,39,39
1477459,34,31
1477559,33,32
1477659,33,33
1477659,33,34
1478159,36,34
1478459,35,32
1478459,35,31
1479159,37,38
1479359,36,34
1479359,34,33
1479559,38,32
1479559,34,33
1479859,39,41
1479859,38,40
1480759,37,36
1480859,33,30
1481159,35,33
1481159,35,33
1481159,35,32
1481559,41,42
1481559,42,43
1481659,36,33
1481759,38,33
1481959,37,31
1483059,38,41
1483059,38,42
1482559,35,34
1483059,36,32
1483759,39,41
1483959,34,33
1483959,34,32
1484259,36,32
1484259,33,31
1484259,32,31
1484559,39,40
1484559,39,42
1484659,41,44
1485459,41,42
1486059,40,43
1486159,38,40
1485659,35,33
1485659,35,33
1485659,34,32
1485659,33,31
1486159,35,33
1486259,35,34
1487259,32,28
1487659,34,33
1487659,33,32
1487659,33,31
1487659,32,30
1488359,35,33
1488959,35,32
1489059,36,32
1489159,36,32
1489359,35,33
1489459,35,34
1489459,35,34
1490159,34,33
1490459,35,33
1491059,35,35
1491259,36,34
1491359,34,32
1491559,35,33
1492159,34,33
1492459,35,41
1493459,35,32
1493659,35,32
1493759,35,33
1495359,41,46
1496459,41,44
1496659,35,33
1496659,41,46
1496759,42,44
1496959,35,33
1496959,34,32
1496959,33,31
1496959,33,30
1497259,34,31
1497359,35,32
1497459,36,32
1497459,35,30
1497559,38,33
1497759,30,27
1498359,38,37
1498959,34,32
1499559,37,39
1499659,39,38
1499959,33,31
1499959,34,31
1500259,39,40
1500259,40,41
1500559,32,31
1500859,35,31
1500859,36,31
1501359,37,33
1501359,36,34
1501559,34,35
1501659,32,36
1501959,35,33
1502559,35,32
1502659,36,32
1502659,35,33
1503059,34,31
1503259,35,30
1504459,35,33
1504559,33,31
1505059,35,32
1505859,35,32
1505959,35,33
1506359,36,33
1506559,35,31
1506959,35,34
1506959,34,32
1507059,42,45
1507359,35,33
1509359,34,32
1509359,36,33
1509959,36,34
1510059,36,32
1510359,35,31
1510959,33,29
1511559,34,32
1511759,35,32
1511959,35,32
1512059,36,34
1512159,37,32
1512359,37,32
1512659,34,29
1513259,34,29
1513759,35,32
1513959,34,29
1513959,37,37
1514259,37,37
1514859,35,32
1515159,35,32
1516159,38,37
1516159,40,40
1516159,39,41
1516459,33,32
1516559,35,33
1516559,36,34
1517159,34,31
1517459,34,28
1517659,35,31
1517759,36,32
1517759,36,33
1517959,34,33
1518159,36,37
1518159,35,38
1518159,35,39
1518459,35,32
1518459,35,32
1518559,32,30
1518559,31,29
1519359,36,33
1519459,36,32
1519859,33,29
1519659,35,34
1519959,36,33
1520259,36,31
1520359,36,32
1520859,36,34
1521059,36,34
1521659,32,28
1521659,33,29
1522259,38,39
1522459,34,31
1522759,35,31
1522759,35,32
1523059,36,34
1523059,38,34
1523059,38,34
1523259,40,46
1523159,34,31
1523259,36,33
1523659,35,32
1523759,35,33
1523859,37,34
1523859,35,34
1524359,44,48
1524659,45,47
1524959,34,35
1525059,35,34
1525159,36,33
1525259,36,33
1525559,35,31
1525659,36,31
1526859,35,31
1527059,36,32
1527459,35,32
1527559,36,37
1529259,34,32
1530959,34,32
1532059,34,32
1532759,38,39
1532859,38,41
1532759,34,34
1532959,34,32
1533159,35,33
1534359,34,31
1534359,34,31
1534359,34,32
1534659,34,33
1534859,36,34
1535159,36,35
1535759,34,31
1535859,34,32
1536759,33,27
1536959,32,27
1537459,33,28
1537759,32,27
1537959,33,28
1537859,33,31
1537959,33,31
1538359,33,31
1538459,34,32
1539159,34,33
1539559,34,31
1540359,35,33
1540359,34,32
1540759,42,43
1541859,31,28
1541859,35,33
1542059,34,30
1542159,33,29
1542259,33,29
1542659,34,31
1543259,35,31
1543359,35,32
1543559,35,32
1543659,35,33
1543859,37,34
1544059,35,31
1544159,37,31
1544259,36,32
1544559,37,31
1545559,33,28
1545759,34,31
1546359,34,32
1546459,34,33
1547159,35,31
1547259,35,31
1547459,35,32
1548659,35,32
1549459,38,40
1549659,34,32
1550359,38,40
1551459,34,33
1551759,34,31
1555759,34,32
1555959,34,32
1556159,34,32
1558259,35,33
1558659,37,38
1558759,37,39
1558959,35,34
1560659,34,33
1561359,37,34
1561559,34,34
1561659,34,32
1561759,34,31
1561959,34,31
1562059,35,32
1563859,35,33
1563859,34,34
1563859,32,30
1564159,34,31
1564359,36,31
1564459,36,36
1564759,37,33
1564859,36,31
1565159,36,31
1565359,35,33
1565459,35,33
1566059,37,36
1566159,38,37
1566859,37,37
1566859,39,36
1566959,33,31
1567059,35,32
1567759,35,32
1568159,36,34
1568359,35,33
1569358,36,33
1569658,36,33
1570558,33,32
1571058,34,32
1571758,34,30
1572058,35,32
1572158,35,34
1572658,37,36
1573258,38,36
1573258,39,42
1573458,39,41
1575058,35,34
1575458,34,30
1575558,34,31
1575958,36,33
1576058,36,34
1576058,36,34
1576458,37,34
1576858,35,31
1577558,36,32
1578358,36,35
1578958,36,36
1579458,37,36
1579558,38,38
1579858,35,31
1580658,36,32
1582158,36,35
1582458,38,35
1582758,34,33
1582958,37,37
1583458,35,32
1583758,34,31
1583958,35,32
1584258,36,33
1585058,36,32
1585258,36,32
1585658,37,35
1585858,35,31
1586658,35,31
1586658,35,32
1586658,35,33
1587058,36,34
1587558,35,32
1587758,34,33
1588058,34,32
1588158,34,31
1588358,35,34
1588458,35,32
1588758,34,31
1589058,35,33
1589158,35,33
1589258,34,32
1589258,34,31
1589358,34,31
1589558,34,31
1589658,36,31
1590458,34,31
1590458,35,32
1590658,35,33
1590758,34,34
1591058,35,33
1591658,37,34
1591758,36,33
1591958,35,32
1591958,34,31
1592658,35,32
1592758,35,33
1593358,34,32
1593458,36,32
1593558,36,33
1593858,36,35
1594158,34,31
1595558,33,31
1595658,33,32
1596158,34,31
1596158,33,31
1596358,32,33
1596458,34,34
1596658,33,32
1596658,33,27
1596658,29,29
1596758,34,28
1597058,32,32
1597158,32,32
1597158,33,33
1597258,35,32
1597358,35,31
1597458,36,32
1597658,35,31
1597758,35,31
1598358,35,32
1598858,37,33
1598858,34,30
1598858,36,35
1599258,35,31
1599458,35,32
1599458,36,33
1599458,36,34
1599858,35,32
1599858,34,30
1599958,36,31
1600358,34,29
1600358,33,28
1600958,34,32
1600958,35,34
1601458,36,35
1601558,35,33
1601658,35,32
1601758,35,31
1602258,35,31
1602358,34,33
1602658,36,32
1602858,35,31
1602858,33,34
1603358,35,33
1603458,35,31
1603558,35,31
1603958,35,32
1604058,34,31
1604558,35,31
1604958,35,34
1604958,35,33
1604958,34,32
1604958,34,31
1604958,34,31
1605158,35,35
1605258,36,34
1605258,38,40
1606058,35,32
1606158,35,32
1606258,35,31
1606758,36,31
1606858,36,32
1606958,36,33
1607158,37,34
1607258,38,41
1607558,37,36
1607658,39,39
1608058,34,34
1608358,37,31
1608458,36,32
1608558,36,33
1608558,36,34
1609058,37,32
1609058,31,28
1609058,26,28
1609358,38,31
1609458,38,31
1609558,38,32
1610558,35,33
1611058,34,31
1611258,35,32
1611358,35,33
1611458,36,33
1611758,36,33
1612158,37,35
1612458,36,33
1612558,34,32
1612658,35,31
1612958,34,33
1613358,36,34
1613758,41,47
1614958,39,41
1615058,41,44
1615158,41,42
1615758,38,38
1616458,39,38
1616558,39,38
1616658,39,38
1615058,34,31
1615158,32,32
1615258,34,33
1615358,36,33
1615658,35,32
1616058,36,34
1616358,35,31
1616558,36,32
1616658,36,32
1616758,36,33
1617058,36,31
1617058,36,32
1617158,35,34
1617558,37,32
1617958,37,34
1618358,36,37
1618658,34,30
1618758,35,32
1618958,35,32
1618958,35,33
1619058,37,37
1619358,37,34
1619358,36,35
1619658,36,35
1620258,34,31
1620258,35,32
1620258,38,32
1620558,35,35
1620558,36,35
1620958,36,31
1622358,37,38
1622458,37,39
1622558,40,38
1622458,34,34
1622558,33,31
1622958,36,34
1623158,35,33
1623358,34,32
1624758,37,33
1624858,36,32
1625658,35,33
1625758,36,34
1626558,38,40
1626958,32,28
1627058,32,28
1627458,33,28
1627458,36,37
1627658,36,36
1627858,37,34
1628058,34,33
1628558,33,28
1632115,32,28
1632315,38,40
1635715,31,27
1635815,31,28
1637815,36,37
1638115,35,33
1638115,35,33
1638115,36,36
1638815,36,33
1639015,36,33
1639015,35,32
1641815,37,39
1641815,38,40
1642515,34,31
1642815,35,31
1643015,35,32
1643315,42,43
1644315,34,32
1644415,35,31
1644715,35,31
1645315,36,32
1645315,35,33
1645315,36,34
1646215,34,33
1646315,35,33
1646615,36,34
1646615,36,33
1646815,36,32
1646915,34,31
1647115,36,39
1647115,37,37
1647115,39,39
1647715,35,32
1648015,36,36
1648315,36,36
1648715,37,35
1648915,34,33
1649115,35,34
1649215,37,37
1649315,36,38
1649415,37,39
1649815,35,31
1649815,35,31
1649815,38,42
1651515,37,41
1651515,38,41
1651715,34,32
1651915,34,31
1652115,34,34
1652915,33,29
1654315,34,33
1655715,37,40
1656315,33,29
1656315,33,29
1656715,34,32
1659715,34,33
1660715,34,31
1661615,34,31
1661715,34,32
1664115,35,33
1664515,36,33
1664615,39,42
1664615,39,45
1664915,36,33
1665215,35,33
1665715,37,34
1666215,41,39
1666315,40,40
1667015,35,34
1667115,36,34
1667215,37,35
1667615,37,34
1667715,36,33
1668615,36,33
1668815,37,34
1668915,36,35
1669815,36,34
1669915,36,33
1671015,36,34
1673815,35,32
1673915,35,32
1674115,35,32
1674115,36,31
1674615,35,31
1675115,35,32
1675215,35,32
1675415,35,33
1675815,36,33
1676015,36,34
1676215,37,35
1680115,35,34
1680315,37,36
1680415,33,30
1680615,34,28
1680715,35,28
1680815,36,28
1680715,32,31
1681015,35,33
1681215,34,31
1682015,36,34
1682415,37,32
1682515,36,33
1682815,35,33
1683015,36,32
1683115,35,35
1683315,34,33
1684715,34,33
1684915,37,34
1685615,36,35
1685915,35,33
1686615,35,33
1686915,36,34
1687215,36,33
1687615,35,33
1688115,35,32
1688315,35,31
1688515,36,33
1688715,34,34
1689115,33,35
1689115,35,33
1689215,35,32
1689415,34,35
1689815,35,35
1690415,34,31
1691515,35,34
1691615,37,34
1691915,35,32
1692015,33,31
1692315,35,29
1692614,35,32
1693114,31,28
1693514,34,32
1693514,34,32
1693514,35,33
1693614,35,34
1693814,35,34
1694514,36,33
1694714,37,33
1694814,36,32
1695514,35,33
1695514,36,33
1695714,35,34
1695714,36,34
1696114,34,31
1696414,35,31
1696414,35,33
1696714,36,32
1696814,36,34
1696914,36,36
1697414,34,34
1697814,37,33
1697914,36,32
1698114,37,31
1698314,36,33
1698314,36,33
1698414,36,34
1698714,36,35
1698714,36,35
1699614,35,33
1699614,35,32
1699614,35,32
1699914,33,29
1700114,35,33
1700214,36,37
1700414,36,38
1702614,34,33
1702614,35,33
1703914,33,28
1704114,33,28
1705214,33,28
1705314,33,28
1706014,33,28
1707114,32,28
1708714,34,32
1708814,36,33
1708914,36,38
1709414,37,33
1710514,33,28
1710714,33,28
1710814,33,31
1714014,32,28
1715014,34,33
1717414,40,43
1718914,40,48
1719214,41,44
1719914,42,46
1721314,36,31
1722314,36,33
1723514,37,39
1723914,36,30
1724414,40,40
1727214,38,38
1727414,40,40
1728214,37,33
1728914,32,26
1729014,32,28
1729314,32,27
1729514,33,26
1729614,31,25
1730014,33,27
1730114,35,27
1730314,35,27
1730814,34,33
1730814,36,34
1731014,36,27
1731114,35,27
1731114,39,42
1731914,33,27
1732014,33,28
1732114,39,27
1732214,37,27
1732214,36,27
1732414,42,28
1732214,36,44
1732614,40,42
1732414,35,33
1733014,38,41
1733214,40,42
1733314,41,44
1733714,35,33
1734014,33,27
1734414,41,43
1734514,39,45
1735314,33,27
1735414,34,27
1735814,40,41
1735914,41,42
1736014,43,43
1736314,32,26
1736414,33,27
1736514,34,26
1737014,36,34
1738214,37,33
1738314,35,31
1739014,37,34
1739114,38,36
1740514,33,27
1740714,32,35
1741214,34,30
1741214,34,32
1741314,34,32
1743514,36,35
1744614,34,34
1744914,42,47
1745214,47,48
1745514,36,34
1746914,35,35
1747714,39,41
1746114,33,33
1748514,32,32
1749814,34,34
1751614,38,40
1751914,39,41
1752114,39,41
1753514,35,32
1754814,34,31
1755114,34,31
1757514,37,37
1757714,37,37
1758314,42,47
1760914,33,27
1760914,32,28
1761014,35,27
1762714,38,37
1762814,39,38
1763114,31,27
1763214,36,28
1770014,37,35
1770114,33,28
1771914,37,35
1773614,35,35
1773614,35,36
1773914,31,27
1774014,32,27
1774714,37,36
1775314,34,31
1775414,35,33
1775714,35,36
1777014,35,33
1777114,35,33
1777414,37,35
1777614,34,32
1777714,34,32
1777814,34,31
1778314,35,31
1778414,35,32
1778514,35,33
1779214,34,30
1779414,35,32
1779714,39,37
1779914,37,34
1780014,37,33
1780114,37,33
1780114,37,32
1780214,36,31
1780314,35,30
1780414,36,31
1782314,35,32
1782314,35,32
1782314,36,32
1783614,36,32
1783914,35,32
1784114,35,31
1784314,35,31
1785214,37,37
1785314,35,32
1785514,34,31
1786814,34,32
1786914,35,32
1787414,35,31
1787414,35,31
1788014,36,33
1789214,35,31
1789314,35,32
1789514,36,33
1789714,35,32
1789814,35,31
1789814,35,31
1790714,36,36
1790814,37,35
1790914,37,34
1790914,36,33
1791014,36,32
1792014,35,34
1792314,37,35
1792514,34,32
1792514,34,32
1792714,34,30
1792814,35,31
1792814,34,32
1793014,36,34
1793614,35,31
1793814,35,33
1794014,35,32
1794814,35,31
1794914,35,32
1795114,35,33
1795414,36,34
1795814,34,31
1795914,35,32
1796014,34,33
1796114,35,31
1796214,35,31
1796514,36,36
1796914,36,33
1797014,36,32
1797014,35,31
1797014,34,30
1797814,35,32
1797914,35,33
1798714,34,31
1799014,34,30
1799014,35,31
1799414,34,32
1799414,34,33
1800014,35,30
1800114,36,32
1800314,35,32
1800814,35,33
1800914,35,34
1801214,35,32
1801414,35,35
1801614,36,33
1801714,35,32
1801814,35,32
1802214,36,31
1802814,35,32
1802814,34,34
1802814,34,34
1803314,36,34
1803314,35,33
1803414,36,32
1803714,35,31
1803714,35,32
1804914,37,34
1804914,35,33
1805114,34,31
1805214,34,31
1805214,35,32
1806514,35,34
1806814,34,31
1806914,35,32
1808914,35,32
1809514,34,32
1809614,34,30
1809914,35,33
1810214,34,32
1810014,30,27
1810514,36,34
1811714,33,30
1811714,33,31
1813014,34,31
1814614,33,31
1814714,34,32
1815614,37,39
1816914,34,30
1817114,33,28
1818114,35,33
1818414,34,31
1818514,34,30
1819014,38,43
1819214,42,44
1823314,39,48
1823814,31,29
1823914,31,29
1824314,36,38
1825414,32,28
1826214,31,28
1827914,42,49
1829014,39,47
1829614,31,28
1832014,35,35
1832114,35,37
1832414,35,34
1833914,32,26
1834014,32,27
1835914,32,27
1835914,32,27
1836614,39,45
1838814,33,28
1840714,34,32
1840714,33,30
1840714,33,30
1842514,33,30
1842614,33,29
1842714,33,28
1844913,33,27
1846013,36,27
1846613,34,26
1850613,35,33
1850813,35,31
1850913,35,31
1851713,36,32
1852013,37,34
1852913,40,48
1853313,35,32
1853413,35,34
1853513,36,36
1854413,35,32
1854613,34,31
1855713,36,37
1855813,37,39
1856313,33,31
1856513,34,32
1857013,35,32
1857113,35,36
1857713,30,30
1858013,31,31
1858313,34,33
1858413,34,33
1858613,34,33
1858713,34,33
1858713,34,33
1858813,33,32
1859213,33,31
1859313,33,30
1859613,32,29
1860113,34,33
1860313,34,33
1860613,35,33
1860813,35,33
1861013,33,33
1861113,33,32
1862013,35,34
1862213,33,33
1862313,32,32
1863013,31,27
1863113,31,27
1863313,31,29
1863513,32,26
1863713,31,27
1863913,33,32
1864013,34,33
1864113,34,34
1864513,34,31
1864513,34,31
1865013,35,32
1865113,35,32
1865213,35,32
1865313,36,33
1865313,36,33
1865413,36,34
1865613,35,32
1865613,35,32
1865813,35,32
1866313,36,32
1866413,36,34
1866513,36,35
1867113,35,31
1867213,40,45
1867713,33,31
1867913,36,31
1868113,34,31
1869213,35,33
1870013,36,33
1870213,35,32
1870313,34,32
1871113,35,33
1871313,35,32
1872413,33,32
1872613,34,32
1872913,37,37
1873113,38,35
1873213,37,35
1873513,37,35
1874413,36,34
1874513,37,36
1874913,36,31
1875313,32,28
1878313,33,28
1878313,33,28
1878613,40,31
1878713,40,32
1878713,40,32
1878713,40,32
1882313,38,38
1882413,37,39
1886513,32,27
1887613,32,28
1887613,32,27
1888613,32,28
1889313,37,36
1890213,36,39
1890413,38,38
1890413,39,37
1890813,35,31
1891313,36,37
1891413,37,36
1891613,36,35
1891613,36,38
1891913,37,37
1892413,35,31
1892513,33,29
1892513,33,28
1892113,31,27
1892613,38,39
1893613,37,39
1893613,38,40
1894013,32,28
1894113,32,28
1894713,36,35
1894813,37,37
1895213,33,29
1895813,34,28
1895913,34,29
1896613,37,38
1896713,40,41
1896813,41,40
1896913,39,37
1897213,32,28
1897213,31,29
1897613,33,28
1897613,37,39
1899313,33,28
1899413,32,27
1902413,32,29
1904913,32,28
1905313,32,27
1906413,32,27
1906713,32,27
1906813,33,27
1906913,33,27
1907713,33,27
1908813,33,28
1910013,35,38
1911813,37,37
1912013,39,41
1912213,40,41
1912613,38,35
1912813,38,36
1913013,32,27
1913113,33,27
1913713,40,39
1913913,40,38
1914913,35,27
1915013,35,28
1920213,33,28
1920413,33,27
1920613,35,29
1920713,34,28
1922013,30,29
1922713,29,28
1922813,30,28
1923313,34,30
1923613,33,28
1924013,33,28
1924213,36,36
1925313,37,35
1925913,30,28
1926013,31,28
1928013,36,37
1928413,34,32
1928813,38,37
1929013,35,33
1932513,37,38
1934013,36,38
1935013,38,37
1937713,34,32
1939113,34,34
1940013,36,33
1940113,36,34
1940613,39,42
1940813,40,42
1942713,33,28
1942813,33,28
1943013,39,41
1943113,39,42
1944113,36,40
1944313,37,42
1943813,31,32
1948013,26,25
1948013,30,26
1950413,38,34
1950513,39,34
1951613,37,34
1952213,38,35
1953113,39,38
1953213,37,36
1953313,36,35
1953413,36,34
1954013,38,37
1954213,39,38
1954513,39,39
1979113,35,34
1988713,35,34
1988613,36,40
1988713,37,39
1988813,37,37
1989013,38,36
1992013,37,37
1992013,35,39
1951413,29,25
1951613,30,25
1952813,30,25
1952813,30,25
1954313,31,25
1954513,29,25
1956913,29,25
1957113,30,25
1958413,29,26
1967913,29,25
1972112,29,24
1973012,29,25
1974512,30,25
1986912,29,25
1987512,29,25
1988012,29,26
1988212,28,24
1988312,26,25
1988712,29,25
1988912,29,25
1989412,30,26
1989512,28,25
1989612,28,24
1990012,28,25
1990112,27,24
1990212,27,24
1990412,28,25
1991012,29,24
1991512,30,27
1991712,30,27
1994112,34,29
1994212,34,31
1994412,36,36
1994712,36,33
1995612,34,28
1995712,34,28
1996212,35,33
1996212,34,32
1996212,33,31
1996612,36,37
1996712,36,35
1996812,36,35
1996812,36,34
1997012,35,37
1997712,35,35
1998012,37,40
1998212,33,31
1998312,32,31
1998412,34,32
1998512,34,32
1998612,34,32
1998912,31,28
1998912,34,35
1999212,33,31
1999312,33,32
1999412,33,33
1999512,33,33
1999812,34,34
1999912,34,33
2000012,33,31
2000012,33,31
2000312,33,33
2000312,34,34
2000512,34,32
2000512,34,31
2000612,33,31
2000812,34,31
2001312,34,32
2001412,33,33
2001812,34,31
2001912,34,32
2002012,35,33
2002112,34,33
2002212,35,34
2002312,35,33
2002412,33,32
2002512,32,32
2003112,34,31
2003212,35,32
2003212,35,32
2003312,35,32
2003312,36,33
2003612,34,32
2003812,39,42
2004112,34,33
2004212,33,31
2004612,34,31
2004712,34,33
2004912,34,32
2005012,35,33
2005112,36,34
2005412,35,31
2005512,34,32
2005512,34,32
2005712,35,36
2005712,38,37
2005912,37,39
2006012,35,32
2006112,35,31
2006412,32,27
2006512,32,27
2006612,37,36
2006712,37,37
2006812,38,36
2007012,35,33
2007012,34,33
2007112,35,33
2007212,34,32
2007312,33,31
2007612,34,32
2007712,34,33
2008012,34,31
2008112,35,32
2008112,35,33
2008212,35,34
2008212,36,35
2007812,38,43
2008812,40,43
2008912,41,45
2009112,46,43
2008812,34,32
2008912,34,31
2009012,34,30
2009312,36,34
2009412,36,34
2009612,34,32
2009712,34,31
2010012,34,31
2010112,34,32
2010212,35,33
2010312,35,34
2010912,34,31
2010912,34,32
2011212,32,28
2011812,33,28
2011812,31,28
2012012,33,28
2011712,34,33
2011912,33,32
2012012,33,32
2012212,33,31
2012312,33,33
2012412,33,31
2012512,34,31
2012612,34,32
2012912,35,32
2013012,36,36
2013312,36,34
2013312,34,32
2013412,34,31
2013512,33,30
2013712,34,31
2013812,34,33
2013912,34,34
2014012,36,31
2014112,35,30
2014612,35,34
2015312,35,32
2015312,34,31
2015312,34,31
2015512,35,30
2015712,36,34
2015812,35,33
2015712,33,31
2015812,34,32
2015812,34,34
2015912,34,36
2016012,34,37
2016512,34,33
2016512,33,34
2016612,34,32
2016712,34,32
2016812,33,31
2017112,31,27
2017312,31,28
2017912,34,31
2017912,34,32
2017912,34,33
2018012,36,38
2018012,35,36
2018212,38,38
2018312,32,32
2018412,34,33
2018512,34,32
2018612,34,31
2019212,34,31
2019312,33,32
2019412,33,33
2019512,36,31
2019612,36,32
2019712,36,33
2019812,37,34
2019912,37,34
2020112,37,35
2020412,35,33
2020512,34,31
2020712,34,31
2020812,34,32
2021212,35,34
2021312,35,33
2021412,34,32
2021512,34,32
2021712,34,30
2021912,35,32
2022012,35,33
2022112,36,34
2022112,36,34
2022412,34,32
2022512,34,32
2022512,35,34
2022612,36,35
2022712,36,36
2022912,37,37
2023112,41,39
2023412,35,34
2023412,34,33
2023412,34,32
2023412,34,31
2023512,33,30
2023912,36,34
2024012,35,32
2024112,34,31
2024112,35,37
2024312,30,27
2024512,32,27
2024612,32,28
2024812,34,28
2024912,33,31
2024912,33,33
2024912,33,35
2024912,33,36
2025312,33,31
2025512,35,32
2025612,36,32
2025912,36,33
2026012,35,34
2027012,34,31
2027312,34,32
2027512,34,33
2027612,34,31
2027812,35,33
2027812,33,34
2028212,35,33
2028512,37,36
2028712,36,32
2028812,34,30
2029012,35,36
2029212,35,33
2029412,36,33
2030212,36,32
2030312,33,31
2030512,33,32
2031012,34,34
2031212,35,32
2031312,36,33
2031412,32,30
2031512,32,31
2031912,35,34
2031912,34,32
2031912,34,30
2032312,33,29
2032512,35,33
2032712,35,33
2032812,35,32
2032912,37,33
2032712,43,47
2032812,44,48
2033212,33,32
2033312,34,33
2033312,35,33
2033512,32,28
2033612,31,28
2033712,33,29
2034112,32,31
2034312,35,31
2034412,35,32
2035012,37,33
2035112,35,33
2035312,35,31
2035412,33,31
2035512,32,31
2035712,31,28
2036112,32,29
2036312,34,31
2036412,34,32
2036512,34,31
2036712,35,33
2036812,35,33
2037312,36,32
2037412,36,34
2037512,37,34
2038312,36,34
2038512,34,31
2038712,34,32
2038812,34,32
2039412,33,27
2039512,33,28
2039612,33,28
2039812,32,29
2040112,33,32
2040212,32,31
2040412,33,31
2040612,34,32
2040912,34,32
2041112,33,31
2041212,34,32
2041312,32,28
2041412,32,27
2041612,34,33
2041912,35,35
2042012,35,36
2042212,37,34
2042412,38,37
2042312,33,32
2042312,33,31
2042512,34,31
2042612,34,32
2042912,35,32
2043612,36,34
2043812,35,32
2044012,34,31
2044412,38,39
2044712,36,34
2044812,34,32
2044912,33,31
2045512,35,31
2045612,37,35
2045712,37,38
2046212,37,35
2047112,36,38
2047412,33,28
2047412,33,27
2047412,33,28
2047912,32,29
2048312,34,30
2048412,35,33
2048812,33,27
2048812,32,27
2049212,37,39
2049712,36,33
2049912,36,33
2052012,34,33
2053012,35,35
2053812,35,35
2054412,37,36
2054612,37,36
2056812,36,36
2057112,37,37
2057912,36,35
2058112,36,36
2060612,38,39
2060812,38,38
2061212,37,35
2063912,37,38
2071812,37,39
2074812,38,37
2074912,37,39
2075112,38,36
2075912,39,40
2076012,39,40
2076712,33,28
2077112,32,30
2078012,34,29
2078112,34,28
2078212,34,28
2078812,35,28
2080312,34,33
2080412,34,33
2081312,34,31
2082812,38,39
2083212,35,32
2083412,35,31
2084012,35,32
2084212,36,33
2084512,35,32
2084712,33,31
2085812,33,31
2086012,35,32
2086312,33,31
2086512,34,32
2086712,34,33
2087112,34,31
2087212,33,29
2087412,38,39
2087912,37,38
2088012,33,32
2088312,35,31
2088412,33,31
2088512,33,32
2088712,34,32
2088812,35,34
2088912,35,35
2089112,33,28
2089912,35,33
2090112,35,32
2090712,35,32
2091012,35,32
2091112,32,27
2091612,37,38
2091612,37,40
2091712,39,40
2092112,35,31
2092412,35,31
2093112,35,33
2093312,36,32
2093512,36,34
2093612,36,38
2093812,36,39
2093912,36,40
2093912,37,42
2095012,34,31
2095212,36,32
2097412,34,31
2097512,34,33
2098012,35,34
2098112,35,35
2098912,34,33
2099212,37,36
2099612,33,31
2099712,34,33
2100512,32,28
2100712,33,32
2100812,34,31
2101112,34,30
2101312,32,28
2101412,32,29
2103212,33,30
2103212,35,31
2103212,33,28
2103312,32,28
2103512,35,33
2103512,35,33
2103512,35,34
2104412,35,32
2104612,33,31
2106012,36,36
2106312,35,32
2106412,33,31
2106512,33,30
2106612,32,35
2106912,34,38
2106812,36,39
2107712,37,38
2107812,37,38
2108112,34,31
2108112,34,31
2108612,35,33
2108712,35,33
2109612,36,37
2110112,31,27
2110612,34,31
2110612,36,39
2111212,35,31
2111212,32,28
2111612,33,28
2111712,35,32
2111812,35,33
2111812,37,39
2111912,37,40
2113311,34,31
2113811,35,31
2114211,36,32
2114411,35,33
2114611,34,30
2115011,41,45
2114211,42,49
2115211,35,31
2115411,36,32
2115611,36,31
2117511,32,32
2117311,34,35
2117411,34,36
2117511,34,39
2117611,34,42
2118111,34,31
2118211,32,32
2118311,32,33
2119111,36,39
2119111,36,39
2119711,36,33
2119911,35,32
2120111,35,30
2120411,35,31
2120411,34,35
2121111,36,32
2121211,36,33
2121411,38,33
2121611,38,34
2121911,36,31
2122211,33,27
2122311,33,27
2123011,35,33
2123511,37,34
2123611,35,33
2124011,35,32
2124311,36,31
2124811,34,30
2124811,34,33
2125111,34,31
2126311,35,32
2126511,35,32
2126911,33,28
2127111,35,32
2127411,35,32
2128711,40,43
2128911,41,45
2129011,42,43
2129411,34,31
2129611,33,28
2129811,34,29
2131511,36,34
2132411,32,28
2132511,33,29
2137211,41,43
2137311,41,45
2138611,33,27
2138811,33,27
2141011,33,28
2142811,35,29
2143111,35,31
2143711,32,27
2143911,33,27
2144011,33,27
2144511,37,36
2145111,39,37
2145411,39,43
2147611,32,29
2147811,32,31
2147911,33,32
2156711,33,33
2156811,34,33
2157311,32,27
2157611,34,33
2157711,33,31
2157911,35,31
2158111,38,40
2158411,39,40
2158711,32,31
2158811,30,31
2159811,35,31
2160011,34,29
2160211,35,30
2160711,35,33
2160911,36,33
2161311,34,32
2162011,33,31
2162211,33,30
2162311,31,30
2163011,33,32
2163011,32,31
2163711,36,39
2163811,37,36
2164411,40,39
2164611,33,32
2164911,34,31
2165111,33,30
2165211,32,32
2165711,36,36
2165811,36,37
2168411,30,30
2168611,33,31
2168511,35,36
2168811,29,35
2169511,32,32
2169711,35,32
2169911,33,31
2172011,34,32
2175711,33,27
2175611,33,28
2175011,41,45
2175111,39,43
2178111,36,32
2178511,37,35
2178711,37,34
2179011,36,35
2179111,38,40
2179211,37,40
2180011,38,38
2180111,38,44
2180311,39,42
2180411,38,39
2180811,33,31
2186011,34,32
2186511,38,39
2188911,33,28
2189011,34,34
2189211,37,42
2190211,39,40
2190611,40,43
2191211,39,37
2191511,38,36
2191511,37,41
2192011,39,41
2193411,37,36
2193611,35,38
2194511,38,39
2194911,36,27
2195611,38,41
2195711,40,44
2195911,39,39
2196011,38,38
2197711,37,34
2197711,37,34
2197811,37,34
2198611,38,37
2198911,42,39
2200311,37,37
2200311,38,37
2200511,39,41
2200511,41,42
2200611,37,44
2201311,39,36
2201311,39,44
2201611,40,39
2201611,39,37
2201811,38,44
2202311,43,39
2202611,40,35
2203011,42,39
2205511,38,36
2205911,38,37
2206811,27,25
2207111,33,26
2207211,34,25
2207711,33,37
2207811,37,37
2208211,40,36
2208811,38,39
2209011,27,25
2209111,29,24
2209211,33,25
2209811,36,35
2209911,37,39
2209911,36,40
2210211,29,25
2210311,31,27
2210511,33,26
2210611,40,40
2210811,38,41
2211011,36,34
2211211,31,27
2211311,33,27
2211411,34,26
2211611,34,25
2211711,36,26
2212411,35,27
2212811,38,39
2213011,41,41
2213011,41,43
2213011,39,44
2213211,45,46
2213611,40,36
2213711,38,34
2214711,38,39
2215811,37,40
2216011,40,39
2216211,38,36
2216511,28,28
2216611,31,27
2216911,34,27
2217011,34,28
2217211,37,35
2217911,40,41
2217911,40,43
2218111,44,45
2218311,41,40
2219011,33,27
2220111,37,38
2220211,37,39
2220311,36,35
2221411,37,38
2221511,38,42
2221711,40,44
2221711,40,45
2222211,40,39
2222311,37,35
2222511,27,25
2222611,28,26
2223111,32,26
2223311,38,39
2223511,37,35
2223611,38,39
2223611,38,39
2222711,38,41
2224111,39,37
2224211,40,39
2224511,40,37
2224611,41,36
2225011,29,25
2225411,32,27
2226211,35,26
2226411,35,24
2227211,38,37
2227411,38,34
2227611,36,27
2227911,35,26
2228111,38,38
2228311,38,35
2229711,38,39
2229811,38,39
2230011,38,36
2230111,38,42
2230811,40,41
2231711,37,36
2232011,33,32
2232111,34,32
2232211,36,31
2232311,36,32
2232411,36,32
2232911,36,34
2233011,37,37
2233611,41,35
2233711,40,43
2234211,32,40
2234411,41,45
2234611,40,39
2235011,35,32
2235011,30,31
2235111,29,30
2235611,35,31
2235711,9,32
2236011,38,31
2236011,37,33
2236211,37,41
2236511,38,35
2236511,40,37
2236611,41,39
2236711,42,40
2237211,37,33
2237411,35,32
2237411,34,31
2237711,41,44
2238211,43,43
2238511,34,32
2238611,33,30
2240011,37,35
2240911,36,32
2241311,35,33
2241411,35,32
2241511,36,33
2241511,43,49
2242511,35,32
2242611,32,30
2243111,35,31
2243311,37,32
2243411,38,33
2243611,39,36
2243711,40,37
2244111,37,31
2245211,35,31
2245311,37,32
2245411,37,33
2246011,39,38
2246811,37,33
2247111,36,31
2248311,37,36
2248511,38,37
2248711,39,38
2249811,40,41
2251211,34,34
2251411,35,35
2251711,35,34
2251911,36,35
2252211,35,33
2252811,40,43
2253011,40,40
2256311,40,42
2260811,36,35
2262011,41,48
2264511,38,38
2271711,33,27
2271811,31,27
2272011,33,27
2272411,35,27
2273411,34,33
2274311,35,31
2275011,42,46
2278911,40,41
2279011,39,37
2279211,38,37
2279411,33,34
2283011,30,32
2282711,36,41
2282811,40,41
2283411,34,31
2283511,35,33
2283611,36,33
2283711,37,34
2283911,37,35
2284111,37,38
2284311,35,33
2284811,37,33
2285311,36,32
2285911,37,34
2286111,38,36
2286311,34,36
2286911,40,45
2287011,44,36
2287111,41,35
2287211,41,35
2287411,34,34
2287511,34,33
2287811,37,35
2288811,38,36
2288911,38,36
2289111,36,34
2289211,40,35
2289411,39,33
2289711,42,36
2289811,41,37
2290011,41,33
2290711,41,38
2291911,39,45
2292411,39,35
2292511,39,35
2292811,39,33
2292911,40,34
2293211,40,36
2293611,42,34
2293911,41,34
2295411,39,33
2295711,39,37
2295811,38,34
2295911,41,34
2296111,39,32
2298711,37,33
2298811,38,35
2299111,38,34
2299311,38,35
2299311,38,33
2299911,38,35
2299911,35,33
2300011,40,34
2300411,39,35
2302011,37,35
2302511,34,34
2302911,36,33
2303611,37,34
2303811,37,36
2304111,35,34
2304511,41,48
2304711,37,36
2304911,35,33
2305111,37,35
2305111,37,35
2305711,37,34
2305911,37,33
2306011,34,33
2306211,38,41
2306511,41,42
2306611,38,36
2306811,37,33
2306811,37,32
2307711,37,34
2308211,34,30
2308411,37,34
2310711,38,39
2310911,39,41
2311811,33,30
2312111,33,29
2312311,36,29
2312411,35,34
2312611,37,34
2313711,35,33
2313811,36,34
2313811,38,40
2314211,38,37
2314311,39,42
2314411,39,40
2315111,34,33
2315311,36,34
2315411,38,36
2315611,36,33
2315711,34,32
2317511,39,37
2317911,37,40
2318811,36,35
2318911,38,36
2319911,37,34
2320011,41,41
2320111,41,42
2320711,35,33
2320811,37,34
2321411,39,40
2321511,41,39
2322111,37,35
2322211,38,36
2323211,35,33
2323311,35,34
2323511,35,35
2323811,37,36
2324111,40,41
2324811,37,33
2324911,38,34
2327311,37,34
2327511,35,31
2329011,35,33
2331111,34,33
2331311,34,33
2332211,34,34
2332611,40,48
2333711,35,37
2334011,40,36
2334011,28,32
2334811,37,37
2335611,37,33
2335711,34,32
2336111,40,42
2336511,38,35
2338411,39,42
2339911,38,37
2340011,37,35
2343911,40,35
2344911,40,34
2345111,41,35
2346411,44,35
2346611,40,35
2349211,35,36
2349711,37,37
2349911,37,37
2350111,37,39
2350311,38,41
2350411,35,35
2352911,42,48
2353511,37,34
2353611,37,35
2357211,44,49
2358111,40,48
2358111,44,49
2361611,39,42
2363711,38,37
2363911,37,34
2364111,36,34
2365911,38,38
2366111,38,39
2366211,39,38
2366411,25,29
2366511,31,29
2366711,32,29
2366911,35,30
2367011,38,30
2367511,43,48
2367911,42,35
2369911,36,36
2373411,35,36
2375011,42,43
2375111,44,44
2375111,34,35
2375311,36,35
2375411,37,35
2375511,37,36
2376711,37,35
2376811,38,37
2378411,39,42
2378511,41,42
2378511,33,31
2379411,35,34
2379411,37,34
2379611,32,30
2379711,33,30
2382311,34,34
2382911,36,35
2383111,35,34
2383211,36,34
2385911,35,33
2386011,36,35
2386511,43,48
2389511,36,35
2389611,38,36
2390011,36,34
2390111,37,35
2390511,45,49
2390911,45,49
2392411,34,33
2392611,36,34
2392811,37,35
2396311,38,36
2396511,35,34
2399311,42,46
2399611,37,34
2401411,40,48
2403811,40,36
2403911,40,37
2404011,40,49
2403911,44,50
2405411,40,37
2405911,34,31
2406111,35,33
2406511,7,29
2406611,12,29
2407711,35,31
2407811,35,32
2408011,39,38
2408511,37,30
2408611,37,31
2408811,37,32
2409011,38,32
2409511,34,31
2409711,32,30
2411011,38,33
2412611,38,37
2413311,37,34
2415711,39,39
2417511,38,37
2417811,35,35
2417911,35,34
2418911,37,36
2419611,37,36
2419811,37,37
2420011,37,40
2420311,36,38
2421711,35,35
2422211,37,34
2423711,36,35
2423911,36,39
2424011,37,42
2424511,37,33
2424811,37,33
2425011,36,34
2425711,39,41
2425811,39,43
2425911,35,37
2426711,37,38
2426911,37,36
2427511,36,37
2427911,38,38
2428211,34,33
2428311,34,34
2429611,38,37
2429811,37,34
2429911,36,34
2430211,38,35
2430311,38,34
2430411,37,34
2430711,37,33
2430811,38,34
2431111,39,35
2431311,39,36
2431511,37,35
2431611,36,34
2431711,36,34
2431911,37,34
2432111,37,34
2432511,39,43
2433011,43,44
2433211,39,36
2433411,36,34
2433511,35,34
2433911,34,30
2434211,36,30
2434611,35,30
2434911,35,30
2435011,35,30
2435311,36,35
2435511,36,36
2435611,36,34
2436811,37,33
2436911,37,34
2437111,37,35
2438211,37,37
2438311,38,37
2438511,37,35
2438611,39,35
2438911,38,34
2439111,38,35
2440211,37,34
2441311,36,37
2442811,36,35
2443011,35,37
2443611,38,34
2443811,38,35
2445411,37,36
2445411,37,36
2445611,34,33
2446311,42,45
2446811,36,35
2447011,38,36
2447211,37,35
2447411,36,34
2447811,36,34
2449111,35,34
2451011,35,36
2451511,37,38
2451611,39,37
2452011,35,33
2452211,37,34
2452911,45,51
2453611,36,34
2455011,36,37
2455111,37,35
2455511,36,33
2456011,37,37
2456311,38,36
2456911,42,47
2457011,36,36
2458511,37,37
2460211,39,40
2460911,40,44
2461111,32,28
2461211,33,29
2461611,35,29
2463111,35,29
2463211,35,31
2463611,36,30
2464411,36,29
2465211,34,29
2465611,35,30
2466211,37,30
2466411,37,29
2467611,36,34
2467911,35,30
2468311,37,34
2468711,37,33
2470311,36,36
2470511,37,35
2471011,42,50
2471411,37,34
2471511,38,35
2472011,38,34
2472211,38,34
2472911,33,30
2473011,34,31
2473211,34,31
2473511,35,35
2473811,35,34
2474111,35,33
2474511,35,30
2474911,35,32
2475011,41,52
2476211,35,30
2476311,35,30
2476511,35,34
2476611,35,35
2477111,36,35
2477611,32,30
2477911,34,30
2478011,34,31
2481411,35,34
2482211,35,34
2482311,35,35
2482611,35,34
2482811,35,35
2482911,36,35
2483011,36,34
2483111,35,34
2483611,35,34
2483711,35,35
2483711,35,35
2483811,36,36
2484211,35,33
2484311,35,33
2484511,36,36
2485211,35,35
2485311,35,35
2485611,36,34
2485711,36,34
2485911,37,37
2486111,38,35
2486211,37,34
2486311,37,34
2486511,37,35
2487011,35,34
2487511,35,33
2487711,36,34
2487811,36,35
2488211,35,35
2488611,36,35
2488911,35,34
2489111,33,30
2489311,34,32
2489511,36,37
2489611,37,38
2490411,37,34
2490611,37,34
2491011,35,34
2491311,36,34
2491811,36,34
2491811,36,34
2492011,36,35
2499511,34,34
2499611,35,36
2499611,35,36
2500811,35,35
2502011,36,35
2503911,36,36
2504011,36,37
2505411,34,34
2507211,31,30
2507311,31,31
2508011,31,30
2508711,33,31
2516311,42,46
2517111,40,42
2518211,40,42
2518811,40,47
2519311,35,33
2519411,35,33
2520411,38,34
2522511,35,33
2522911,34,30
2523311,36,35
2526111,32,30
2526211,33,30
2526411,34,31
2526611,35,31
2528111,37,37
2528511,41,42
2528611,41,43
2529011,40,35
2529111,40,36
2529411,39,35
2529311,38,40
2529411,38,42
2529611,39,42
2530411,36,37
2531111,33,30
2531311,37,39
2531411,37,40
2531811,37,37
2532011,37,38
2532111,38,38
2532711,35,34
2533911,34,30
2534311,37,37
2534511,38,38
2534811,36,35
2534711,37,40
2534811,39,42
2535011,41,42
2535411,38,35
2535511,39,36
2537911,36,36
2538911,36,34
2539511,33,31
2540611,34,31
2541511,33,30
2541611,33,30
2546511,38,32
2546711,35,33
2549011,44,51
2550011,35,38
2550311,38,39
2552211,37,36
2552311,31,30
2553211,33,31
2553311,34,31
2553411,34,31
2553711,30,29
2554911,29,31
2555111,32,30
2555211,33,30
2555211,34,31
2555611,37,42
2555611,32,33
2555911,34,33
2556411,36,34
2556511,34,32
2557511,35,33
2557611,35,34
2557711,35,35
2557911,35,35
2558111,34,36
2559711,34,34
2560211,37,34
2560911,34,30
2561011,35,31
2561611,35,35
2561911,36,35
2562111,35,33
2562811,36,35
2563111,37,41
2563611,37,32
2563811,34,31
2564011,35,31
2565011,35,35
2565811,40,49
2566111,34,34
2566311,34,34
2566411,32,30
2567311,41,46
2568711,35,33
2568711,44,46
2569211,42,44
2570511,35,34
2571011,35,30
2571811,38,38
2572011,32,30
2572111,33,30
2573211,34,31
2573511,34,31
2573611,34,29
2574011,38,40
2574211,38,38
2574411,38,36
2574811,41,48
2575411,33,30
2575511,35,29
2579711,34,34
2579911,36,36
2580011,36,34
2581811,36,35
2581911,37,35
2581911,32,30
2582011,32,30
2582111,34,31
2582811,35,34
2582911,35,34
2584211,36,35
2584511,38,39
2584711,38,37
2584911,37,36
2585011,37,35
2585211,34,33
2585511,38,38
2588411,38,39
2592811,37,37
2593011,38,37
2593311,39,38
2593411,39,40
2594811,39,40
2595911,38,41
2595911,38,42
2598311,33,33
2598611,36,33
2599311,42,52
2605911,23,31
2606011,24,31
2631711,36,37
2631811,36,38
2635211,40,39
2637511,43,51
2642111,36,36
2642111,37,37
2646011,28,30
2646611,33,31
2646611,37,31
2648511,33,31
2651111,38,34
2652111,39,39
2652211,39,42
2677011,34,30
2677011,32,30
2677011,31,30